Price_Real_Sugar_Brasil,Price_Real_Ethanol_Brasil,Price_Real_Ethanol_USA,Price_Real_Sugar_CHINA,Price_Real_Raizen
120.49,3117.0,11.439837974683543,4435.724694663967,7.24
120.57,3164.0,11.581153552977046,4552.273923460637,7.1
119.58,3189.5,11.653065215542897,4605.614122588266,7.07
121.72,3195.5,11.641837570380483,4556.823586706153,7.1
122.59,3214.0,11.577987711213519,4562.003908100427,6.87
125.52,3216.5,11.625705057373567,4589.488948935556,7.01
129.38,3232.5,11.719118246687055,4672.767585220938,7.02
129.77,3228.5,11.709382170476758,4641.606290331043,6.82
130.95,3225.5,11.72454661775996,4627.828880172687,6.81
133.91,3222.0,12.08358755129959,4735.585196505976,6.93
133.41,3220.0,12.101862736697798,4701.992406465051,6.98
134.43,3215.0,11.90251920122888,4624.106040268457,7.17
135.21,3225.5,11.852795570698467,4613.57614213198,7.25
135.69,3253.0,11.672592024539878,4533.615262195683,7.34
136.31,3264.0,11.603919435710036,4498.964147604378,7.1
137.18,3275.0,11.644948558796022,4499.277432902421,7.19
136.34,3291.5,11.574813998813662,4489.7384180124955,7.11
137.36,3282.0,11.515710664187935,4464.36338193945,7.1
137.03,3296.5,11.438344757552677,4402.664660237369,7.07
137.83,3292.5,11.512103663683943,4454.83303922722,6.8
138.01,3297.0,11.458842654986524,4456.145163607865,7.0
139.59,3305.5,11.435149025638287,4507.938990484396,6.93
139.78,3305.0,11.41145539629005,4499.846067562279,6.73
139.97,3304.5,11.517005665003804,4549.496438671835,6.53
140.65,3303.5,11.683788646730866,4613.178712599147,6.41
140.09,3303.0,11.450827801705936,4497.204176942856,6.5
142.17,3317.5,11.533916893039049,4510.848144203842,6.95
142.61,3316.5,11.542755713560181,4521.666736687323,7.19
141.34,3339.5,11.56864453653586,4540.732321970841,7.24
142.63,3335.0,11.55959168579444,4569.915041727643,7.12
140.51,3350.5,11.623096179966044,4574.360541265583,7.24
144.34,3351.0,11.777513875843225,4549.369484113334,7.11
143.54,3350.5,11.74816672346226,4524.378426961083,7.28
143.81,3346.0,11.597804757438825,4499.387369808834,7.31
145.46,3362.5,11.640300128040971,4508.940153087529,7.23
141.71,3355.0,11.738776687430668,4530.814347717109,7.0
143.72,3352.5,11.732493503162935,4510.488275205333,7.15
144.44,3368.5,11.929290460695324,4615.76434716901,6.94
144.47,3386.5,11.97203758366226,4613.797258019563,6.85
142.5,3365.5,11.937699024095345,4619.064491562787,7.1
143.09,3367.0,11.95128551724138,4637.82392301752,7.37
142.34,3383.0,11.869358284633895,4656.583354472254,7.02
142.86,3395.5,12.00439079469057,4675.342785926987,7.13
143.38,3417.0,12.158195113498527,4694.102217381721,6.99
143.72,3419.0,12.098223490745546,4712.861648836454,7.13
144.81,3430.0,12.140121531679487,4731.621080291187,7.14
144.67,3431.5,12.150322533264212,4761.596136327099,7.03
146.18,3447.25,12.219579316313284,4823.901170124258,7.04
147.69,3463.0,12.181067116415846,4820.192314921726,7.05
149.85,3487.0,12.084666092053096,4796.732750425131,7.15
150.24,3516.5,12.105020255128426,4789.053011531816,7.1
149.41,3540.0,12.105976990692863,4802.593644879853,6.98
146.62,3574.5,12.271715315315316,4873.678556080791,6.69
147.5,3625.5,12.310058504688977,4854.702699792737,6.64
148.18,3661.5,12.49666099510183,4958.956367591959,6.43
148.76,3693.5,12.582366981943249,4965.419212505212,6.37
149.44,3814.0,12.440647677324828,4883.629791481212,6.63
148.7,3881.0,12.275463935272851,4831.418164157358,6.58
149.31,3924.0,12.25562279418094,4890.80662537032,6.63
151.87,3920.5,12.335822134046406,4906.4375682562795,6.78
152.88,3947.0,12.451308372692141,4911.826898292343,6.78
153.04,3953.5,12.471513387458973,4911.564804190234,6.79
152.32999999999998,3956.5,12.536132810480046,4944.8671183609695,6.845000000000001
151.62,3959.5,12.51669036102954,4937.001025890229,6.9
151.9,3937.5,12.36808980897225,4876.737155833097,6.75
153.85,3935.5,12.299153659171804,4929.621346059981,6.75
153.43,3911.5,12.326149322048536,4870.611130617977,6.77
152.1,3901.5,12.171575451325904,4827.20563867602,6.73
151.96,3900.0,12.023166205225818,4739.466060162998,6.5
155.73,3861.5,11.933762578616351,4709.999260749928,6.52
155.125,3853.5,12.045159559594547,5220.939425473068,6.27
154.52,3845.5,12.005318965517239,5175.091412284687,6.02
154.57,3809.5,12.097542948038175,5218.706055147568,5.85
155.2,3778.0,12.224387219039222,5317.353070326848,5.84
155.43,3715.5,12.273512554343002,5298.8257181334775,5.93
154.44,3683.0,12.336930395460188,5295.699590135463,5.63
153.48,3609.5,12.40773478994582,5318.605145740377,5.67
153.47,3603.5,12.349628324112082,5257.2362430167595,5.57
153.83,3588.5,12.35992628675713,5226.36782186506,6.08
154.05,3586.5,12.37022424940218,5228.73284453007,5.91
153.56,3589.5,12.366715856686767,5191.474459042804,5.79
154.26,3568.5,12.384294112470297,5204.360218247117,5.46
154.79,3551.5,12.386431500795474,5153.677957399569,5.49
155.81,3527.0,12.444178939941795,5156.576137322434,5.69
155.25,3424.5,12.448605880790009,5136.748092027525,6.02
155.13,3385.5,12.147596349782937,5179.2537437835135,5.83
155.57,3374.0,12.022903251599148,5152.149921167557,5.92
155.51,3358.0,11.981498362686965,5146.536123581407,5.98
153.36,3385.5,11.84938254796216,5078.215076129461,5.92
155.35,3470.0,11.928186906768385,5052.134931907427,6.16
155.07,3440.5,11.973490867175032,5090.273764576396,6.22
153.33,3434.5,12.041387478999027,5094.758171660459,6.17
154.46,3432.5,12.211374356242228,5146.273339749759,6.2
157.43,3425.0,12.13618436838391,5074.751949905102,6.11
154.46,3407.0,12.193537157987645,5132.711465514854,5.93
153.03,3403.5,12.173867027410626,5081.629225675412,5.82
154.97,3408.0,12.217131562638336,5053.500118112972,5.75
155.23,3408.5,12.21877639146978,5092.170502368088,5.67
156.26,3411.0,12.09549557913351,5069.246003108694,5.72
156.26,3409.0,12.107839241122626,5096.323018428064,5.82
156.26,3407.0,12.120182903111742,5087.205903977138,5.92
155.37,3408.0,12.066666401906275,5074.394919552655,6.05
154.83,3394.0,12.066874988940988,5054.040947856766,6.01
154.83,3396.0,12.016901182283394,5011.894226775578,6.45
154.825,3404.75,11.90595417623168,4996.544637024476,6.359999999999999
154.82,3413.5,11.957978247468077,5048.315308334828,6.27
151.02,3418.5,12.158864970298785,5100.0859796451805,6.33
153.24,3416.5,12.110610654651472,5091.67272878605,5.79
153.12,3411.0,12.297587273530715,5061.718037873856,5.56
152.93,3412.0,12.301370154009563,5037.790813211213,5.82
151.34,3406.5,12.208255875596397,5019.750166370896,5.7
152.38,3412.5,12.173817925194072,5018.002214379628,5.9
152.28,3410.0,12.055345646437996,5010.603489962558,6.13
152.96,3404.0,11.968845851871238,4998.646112490228,6.11
153.13,3394.5,11.955950030575696,4999.845712792872,6.19
150.53,3391.5,11.9444358228888,4982.861688903622,6.18
150.84,3371.0,11.9329216152019,5024.664404808065,6.18
151.46,3365.5,11.929406787130894,5052.380345263391,6.37
152.05,3311.0,11.739403774916212,4990.602007339857,6.44
151.58,3295.0,11.81318998942545,4992.920301337113,6.23
151.66,3256.5,11.828216560509555,4998.255015167825,6.15
148.34,3234.0,11.894376996805113,4992.628264984228,6.2
150.15,3230.0,11.700047885075818,4895.767831343891,6.22
150.5,3184.0,11.64367741935484,4811.128424874404,6.25
149.02,3131.0,11.664349075237928,4807.040391210467,6.38
147.04,3117.0,11.622875582646111,4791.521597772884,6.42
147.87,3053.5,11.427666074600356,4776.002804335301,6.4
146.53,2958.5,11.384113750772762,4760.484010897719,6.39
144.81,2901.5,11.453205741626796,4744.965217460136,6.46
146.33,2859.0,11.461339846475925,4729.446424022553,6.38
146.67,2854.5,11.423828077225473,4713.927630584971,6.27
145.49,2885.0,11.400021037868163,4694.1401921912,6.33
147.33,2926.0,11.371025797988633,4700.241042345277,6.35
145.07,2938.5,11.266970889063732,4683.38252523308,6.43
148.61,2930.5,11.212059209950077,4678.056115980376,6.35
148.52,2958.5,11.255249204665962,4664.773551857876,6.42
149.08,2971.5,11.228763331864258,4658.731467715266,6.42
145.49,2971.0,11.161836088638763,4631.041594430036,6.43
148.23,2972.0,11.112506596306067,4601.022203719122,6.29
145.64,2944.0,11.116751805531091,4604.684507238307,6.11
144.79,2930.0,11.050454901178522,4576.949784911807,5.77
142.39,2923.5,10.984157996825955,4546.108999456605,5.65
139.34,2920.0,10.816755994358251,4514.107354644267,5.66
136.21,2951.5,11.004912657887665,4603.828699310207,5.77
132.42,2954.0,11.050356633380886,4628.281752979048,5.71
132.60999999999999,2954.1666666666665,11.153538708813288,4631.477005801613,5.803333333333334
132.8,2954.3333333333335,11.14600250851102,4614.412165422497,5.8966666666666665
132.99,2954.5,11.146774716369531,4655.103473835759,5.99
132.99,2971.5,10.928905742145181,4622.846076918681,6.16
135.3,3027.0,10.932023057919299,4618.693564033881,6.21
134.79,3083.0,10.91697108765489,4669.399384132702,6.18
134.37,3153.5,10.975703268453913,4683.958404185742,6.3
136.52,3232.0,10.846371327208224,4649.49246983615,6.42
136.98,3362.0,10.904843016961385,4624.364072334898,6.42
136.69,3396.5,10.824960873521384,4593.902546206539,6.31
135.89,3432.0,10.89578102189781,4552.0693452637015,6.3
136.51,3429.5,11.081029933582021,4690.641427899082,6.37
137.67,3355.5,11.105119155903223,4669.703138204162,6.34
138.24,3354.0,11.011875848339518,4633.902017783857,6.64
136.62,3351.0,10.945988372093025,4608.108409133099,6.99
139.33,3337.0,10.766733103823158,4537.1578857338345,6.88
139.36,3337.0,10.601124818577649,4482.7146156807385,7.1
139.29,3342.5,10.599042330450615,4457.587060554547,7.11
139.37,3372.5,10.439344142831116,4403.397938026397,7.15
140.0,3435.5,10.333524813670243,4359.163112260202,7.27
140.0,3483.0,10.268765274484773,4364.689201568807,7.37
140.58,3500.0,10.217179972936401,4337.417774627924,7.34
140.82,3495.0,10.2521373359698,4338.018849234427,7.33
142.86,3480.0,10.314335645437348,4377.573768163289,7.03
143.65,3473.0,10.199609120521174,4308.733199641592,6.92
143.65,3487.5,10.041791912766925,4306.043511167625,7.0
143.23,3523.5,9.921546175585743,4303.353822693657,7.1
142.41,3611.5,10.084350453172204,4300.66413421969,7.13
142.47,3722.0,10.182631000366436,4347.3652229005875,7.03
141.76,3815.0,10.258657582174754,4410.8446791579245,6.95
143.44,3906.0,10.215412844036697,4417.8286866940425,6.9
142.26,3917.0,10.131575361384773,4371.529530773566,6.98
141.49,3994.5,10.065568076852024,4343.184772044851,7.08
141.49,3994.0,10.171737451737451,4396.922965954992,7.1
142.48,3977.5,10.171737451737451,4399.139901904213,7.13
140.99,3939.0,10.049408497639543,4342.338308601901,6.95
139.57,3910.0,10.06823268698061,4296.641962331529,6.97
139.57,3895.25,9.984370349958667,4240.005524861878,6.925
139.57,3880.5,10.169192937043542,4286.554057896832,6.88
139.48,3788.5,10.442814070351758,4319.453805505838,7.05
137.12,3673.0,10.621922428330523,4367.59010266764,7.02
136.94,3558.5,10.82653311915336,4435.389898669588,7.11
135.46,3495.0,10.80824034334764,4376.80950116026,7.19
135.43,3458.0,10.576212523719166,4297.879696432943,6.9
135.11,3440.0,10.771265678449259,4302.9702206833945,6.59
132.69,3417.0,10.874278135657446,4308.060744933846,6.2
134.21,3397.0,10.747697274712754,4313.151269184296,6.05
133.43,3399.5,10.667554882664648,4318.241793434748,5.55
134.38,3424.0,10.868049195837276,4360.63488213769,5.56
133.32,3458.0,11.112165924803486,4431.599229749175,5.19
132.83,3462.5,11.099215463331438,4397.127228148293,5.2
132.78,3477.5,11.023921159859757,4382.078794803437,5.21
131.21,3453.0,11.240176787086858,4415.41133949159,5.38
131.96,3447.0,11.066022147327878,4354.378398309532,5.17
131.0,3449.0,10.946943005181348,4336.790156245585,5.48
130.51,3445.5,10.782787211839485,4358.920901564197,5.62
129.86,3443.5,10.668425353986507,4297.968297356704,5.56
129.32,3434.0,10.69102517814727,4330.898659683504,5.67
130.58,3418.5,10.617021839841165,4363.696324924262,5.54
131.97,3402.0,10.461176470588235,4331.66880733945,5.64
131.8,3373.0,10.435902985074627,4316.022925443323,5.79
131.88,3331.5,10.487027027027029,4329.102307455071,5.92
130.79,3270.0,10.447841450874076,4294.5087470843055,6.18
130.02,3239.5,10.265942921096812,4253.736743188874,6.07
130.68,3206.5,10.270860007174,4234.669268836691,6.29
130.92,3172.5,10.275777093251191,4304.780188230021,6.13
130.64,3166.5,10.212412247946231,4260.472885759786,6.19
128.55,3165.5,10.370707070707072,4344.948353188507,6.3
129.84,3176.5,10.395981360671017,4332.594573095384,6.19
129.96,3205.5,10.267551743427187,4320.24079300226,5.96
129.28,3206.0,10.383882948790097,4355.744188007759,5.64
129.39,3185.0,10.548982214358878,4384.404081632653,5.52
128.79,3184.5,10.55691706227311,4390.2635453556795,5.41
127.19,3157.0,10.560680657969371,4406.407461759892,5.32
127.32,3112.5,10.905365853658536,4472.568361870687,5.13
126.71,3095.5,11.020918484500577,4501.577403183891,5.01
127.1,3080.5,11.008938740293358,4520.378958193479,5.12
126.895,3100.0,10.9161,4452.660257144494,5.1
126.69,3119.5,11.087148579057791,4512.127439267224,5.08
126.33,3170.5,11.114531635500459,4531.162112984392,5.08
127.02,3164.0,11.141914691943128,4524.990662139219,5.04
126.17,3131.5,11.158049615055603,4516.253795818934,4.99
126.75,3114.5,11.221995616125037,4539.88233120639,4.79
127.14,3134.5,11.257901938426455,4545.882275319958,4.78
127.33,3125.5,11.328354143019297,4583.855803893295,4.8
128.02,3096.0,11.328914163836357,4569.992002825857,4.82
127.94,3043.5,11.329474184653417,4585.813318746271,4.8
127.06,3001.5,11.277042456917302,4547.123147190625,4.59
126.83,2979.0,11.419925179856117,4593.477758694718,4.52
127.64,2952.5,11.497356175933891,4569.84344856167,4.54
126.65,2951.5,11.574787172011664,4628.300482405945,4.53
126.45,2974.5,11.698001375650978,4623.064446689803,4.39
126.78,3031.0,11.666333988212182,4617.508280814891,4.55
125.98,3055.0,11.550250910164323,4604.899772376826,4.4
126.6,3055.5,11.480855614973263,4576.135294204417,4.16
126.28,3043.5,11.617151961760607,4615.538523060517,4.02
127.11,3037.5,11.700733088308336,4644.670033371725,4.14
127.51,3030.5,11.784683658170916,4674.902037918897,4.29
127.72,3005.0,11.688780196838652,4609.941215430582,4.42
131.0,3015.0,11.62084690553746,4644.414276506606,4.3
131.12,3034.5,11.691619326500733,4694.769170624349,4.33
131.99,3014.5,11.738633199333268,4650.294083493003,4.49
131.45,3017.5,11.812758113540545,4666.395596755504,4.45
131.11,3017.0,11.832518155053975,4677.9638935688145,4.2
130.08,3025.0,11.812051582649472,4587.838133557183,4.15
130.16,3040.5,11.614373765310154,4495.6590992096535,4.17
130.49,3044.5,11.497659574468084,4494.445092946567,4.49
131.7,3048.5,11.374036751630115,4491.787778997439,4.49
131.46,3016.5,11.170449107668171,4459.076500982462,4.41
131.5,3000.5,11.1288654353562,4407.506996599378,4.41
129.33,2999.0,11.234154929577466,4414.516689092408,4.61
128.84,2984.0,11.346038846380223,4407.1444864158075,4.81
129.48,2968.5,11.380007268441213,4378.371417353749,5.05
129.61,2942.5,11.266004886152643,4316.9336306248915,4.86
129.55,2933.0,11.098458672418865,4264.504504504505,4.95
129.96,2914.0,11.081195817862026,4265.460683587532,4.92
129.77,2909.5,11.06848517362466,4248.772211146746,5.15
129.94,2886.0,10.963239214548267,4239.844749382786,4.88
129.94,2848.0,11.137396888672825,4351.2638568462335,5.27
129.14,2788.5,11.079072878862187,4315.42169442433,5.21
129.47,2728.5,11.056700720560658,4276.932104061542,5.19
129.99,2704.0,11.234053325462417,4326.433739135482,5.28
128.24,2648.0,11.109892513263901,4242.300521285838,5.09
127.74,2614.5,11.248634772229957,4258.900614320526,4.85
128.95,2561.5,11.18248895110489,4231.210015045942,4.85
129.1,2547.5,11.09866263725194,4196.396161996703,5.02
128.15,2493.0,11.008613448761828,4143.727880386983,5.09
128.08,2487.5,11.028036008024072,4151.229503637455,5.03
127.73,2502.0,11.028291096232639,4135.584293224215,4.85
128.2,2489.5,10.963623372721809,4098.152699727711,5.0
126.22,2473.5,10.829982658959537,4010.793869975301,4.9
125.07,2437.0,11.1252602,4089.618315517716,4.84
123.99,2372.0,11.284334166333467,4143.273193561006,4.77
122.73,2311.0,11.278158010607426,4136.368805319349,4.6
125.0,2297.0,11.222242784514027,4100.27040193113,4.62
124.95,2317.0,11.166327558420628,4072.6071413063933,4.44
124.945,2325.5,11.341916135558929,4119.30686695279,4.415
124.94,2334.0,11.23616365271256,4102.672761773331,4.39
125.13,2345.5,11.201115235346801,4105.213278115699,4.39
123.81,2358.5,11.051424224519941,4077.1228523207947,4.36
123.94,2399.0,10.993808746928748,4049.032426525891,4.15
124.05,2495.5,11.211025725725724,4123.804716031632,4.2
124.25,2522.5,11.210944455564452,4138.678191032469,4.21
123.9,2524.0,11.349700522403054,4189.8411881869115,4.29
124.55,2518.0,11.440104704704705,4208.024576827562,4.48
124.73,2504.5,11.28303414780693,4141.041239468799,4.45
124.9,2473.5,11.109101958409044,4071.9653399407052,4.36
124.38,2469.5,11.079825677863214,4061.913572288121,4.55
124.43,2483.5,11.178533524707813,4072.5480256905043,4.39
124.62,2487.0,11.538476466929298,4142.688729641694,4.29
124.86,2529.0,11.480592596433015,4111.039027705477,4.19
125.45,2603.0,11.686796445373759,4121.106721195393,4.14
124.31,2648.0,11.69357933237173,4169.176357569017,4.15
124.41,2636.5,11.657162905211326,4141.9527159497175,4.19
124.73,2662.5,11.460116755428102,4122.362438649068,4.39
125.42,2648.0,11.05275796178344,4102.772161348419,4.38
125.44,2659.5,11.240905194150276,4083.1818840477704,4.43
125.68,2676.5,11.218132352941177,4063.591606747121,4.46
125.56,2702.0,11.26600745126059,4044.0013294464725,4.19
125.68,2790.0,11.215717025884294,4024.4110521458233,4.08
125.65,2811.5,11.214174226061916,4036.1034032352986,4.35
126.025,2819.0,11.439095198846074,4110.8009999568985,4.3
126.4,2826.5,11.36394434746894,4079.107784687969,4.25
126.19,2830.5,11.381444581661007,4065.5104786139073,4.11
127.22,2835.0,11.426739603655406,4126.8093540567515,4.1
127.11,2801.0,11.380680732079309,4112.583715839277,4.14
127.69,2791.0,11.438183166291678,4103.227091351597,4.16
128.28,2790.0,11.318653246356131,4053.2041971266476,4.2
128.46,2785.0,11.352912332990751,4057.9520169068423,4.27
127.83,2777.5,11.288927113998579,4009.3315162697077,4.13
128.6,2749.5,11.451261940979617,4030.413836163836,4.09
128.15,2729.0,11.414944028733915,4089.936509701452,3.97
128.66,2759.5,11.602483710271992,4100.0562355276215,4.13
128.75,2828.5,11.56833182594714,4074.2960684044956,4.15
128.26,2907.5,11.485952592293726,3989.5429676706267,4.29
129.08,2955.0,11.153036795013572,3882.7318783343726,4.51
128.955,2963.0,11.115583770690352,3878.3098287044736,4.605
128.83,2971.0,11.13669455552138,3839.707764092648,4.7
129.13,2982.0,10.87548642625608,3836.840212147714,4.72
129.12,2978.5,11.248182272909164,3934.456997034278,4.55
129.05,2943.5,11.18213636816416,3920.2994657547415,4.47
129.5,2907.5,11.47583484026522,4075.2230411171445,4.11
130.01,2880.0,11.561182285603417,4188.694159717199,4.14
130.01,2894.5,11.43535274735924,4168.063328121142,4.12
129.96499999999997,2897.75,11.52367166474433,4339.306675398027,4.075
129.92,2901.0,11.506100461006532,4321.787655995659,4.03
131.71,2886.0,11.839532415931776,4410.4939140795295,3.91
131.93,2919.5,11.56383079297704,4276.579888873831,4.07
131.82,2923.0,11.473800605114192,4207.9472479875785,4.03
134.1,2916.0,11.479760365972355,4196.933900523561,4.03
134.43,2901.0,11.64742372881356,4259.013003162931,4.0
135.7,2907.5,11.601236490912804,4196.240186991215,4.15
135.54,2894.5,11.555049253012047,4202.535277124623,4.05
136.0,2897.0,11.639204243524802,4191.799139739266,4.02
135.58,2897.5,11.492117113640749,4139.143453270336,4.0
136.29,2877.5,11.467920489591364,4174.131854514754,4.05
136.66,2845.0,11.26762846757222,4118.038315419455,3.84
138.42,2858.0,11.20836752704498,4111.2266699111815,3.9
138.77,2854.5,11.326726268064608,4208.606146276487,3.73
139.0,2851.5,11.325522346899962,4196.4289329741205,3.68
139.03,2830.5,11.29306705290151,4176.374203821656,3.6
140.64,2783.5,11.274425325601293,4180.142927281654,3.34
140.53,2788.0,11.349803674590397,4250.130888057162,3.35
139.34,2768.0,11.367653853436849,4286.725125559929,3.3
139.17,2746.0,11.431884684684684,4310.481958797887,3.26
139.34,2749.5,11.534938679688233,4388.5904146792955,3.34
139.35,2785.0,11.444286507861783,4364.050346588836,3.3
139.08,2832.5,11.443592899519729,4376.386752569661,3.26
139.08,2891.5,11.485435648235516,4378.050202297668,3.34
139.04,2927.5,11.46539050853854,4381.534127198918,3.54
140.08,2968.0,11.157107277171868,4269.095649362023,3.62
141.65,2969.5,11.256385403931157,4309.018712363092,3.63
141.65,2971.5,11.15574035021653,4277.462896574031,3.71
140.59,2975.0,11.276836430755855,4283.37507749535,3.63
136.69,2973.0,11.397932511295181,4434.696867313566,3.68
136.69,2968.0,11.39582227443609,4410.162561974564,3.75
136.69,2969.0,11.232370269508875,4360.838586128306,3.74
136.6,2965.25,11.424165197824864,4487.46182490283,3.64
136.51,2961.5,11.517374964962693,4518.508618557395,3.54
136.51,2945.5,11.610584732100522,4549.55541221196,3.34
135.13,2906.0,11.776114539107462,4586.76944577653,3.32
135.64,2831.5,11.63160645222149,4514.649410537585,3.23
134.66,2783.5,11.532330857142856,4486.9199250468455,3.22
135.03,2768.0,11.410104244577411,4480.88247456786,3.23
132.58,2732.0,11.380568031334516,4454.354713193642,3.35
135.22,2705.0,11.228272075928166,4390.841539961816,3.58
134.94,2673.0,11.145239138507241,4381.817111416782,3.49
134.14,2662.5,11.093159977806549,4364.388565771563,3.34
134.85,2662.0,11.087792153433385,4346.8934346279075,3.3
134.85,2638.0,11.082424329060222,4262.499475997985,3.36
133.38,2651.0,11.015736876095579,4277.910237317776,3.35
134.73,2642.0,11.254783726306059,4345.043364567444,3.41
133.49,2655.0,11.232369388509145,4349.171603677222,3.29
133.62,2663.0,11.20595087848404,4362.068024463518,3.29
132.77,2739.5,11.177970528642474,4374.964445249813,3.47
132.26,2831.5,11.063255193969479,4387.860866036109,3.53
132.47,2855.5,11.022587608994952,4400.757286822404,3.48
132.37,2868.0,10.959939622641508,4413.6537076087,3.42
130.45,2854.0,11.030752453453179,4426.550128394995,3.25
131.86,2850.5,11.045975537708854,4437.525861362333,3.29
131.6,2836.5,10.944649715439693,4426.5694875565,3.15
131.56,2815.0,10.789069803421915,4364.779799128292,3.05
129.36,2764.5,10.949040321843286,4434.533756734384,3.09
129.74,2744.0,11.154939216778027,4478.767615268846,3.15
129.93,2715.0,11.15156785046729,4457.858527985897,3.13
130.98,2763.0,11.20136786213321,4496.376820746558,3.3
132.12,2806.0,11.26845836041222,4541.399468434897,3.28
133.15,2804.5,11.370013564078578,4566.0404052885215,3.21
133.11,2851.5,11.23897959947595,4504.452708076237,3.22
134.04,2837.5,11.157902407286922,4458.465886460976,2.98
134.35,2823.0,11.281631775700934,4508.222152425952,3.09
132.93,2803.0,11.328083177570093,4497.079658082372,3.08
131.95,2802.0,11.285403011764707,4470.484202460284,3.03
131.92666666666665,2803.3333333333335,11.226568253819337,4451.939910644752,3.0466666666666664
131.90333333333334,2804.6666666666665,11.16773349587397,4439.024423485798,3.0633333333333335
131.88,2806.0,11.168009019165726,4464.100099499775,3.08
132.0,2821.0,11.147999717407686,4443.902249170387,3.04
133.27,2835.0,11.169528192999055,4430.306220877953,2.89
132.1,2817.0,11.23048398711389,4407.094878573959,3.04
133.49,2817.5,11.249654393069026,4438.879763246135,3.08
131.31,2893.5,11.232790621490077,4483.745790671993,3.02
130.4,2902.0,11.256762093352194,4490.367660503513,2.92
130.52,2886.5,11.247378991992463,4518.482611897553,2.83
130.73,2865.5,11.236550441480368,4561.8708436085735,2.91
131.49,2831.5,11.189785654008439,4598.57843866171,2.91
130.9,2817.5,11.17080227596017,4585.933028711724,2.94
131.47,2753.5,11.098211294296004,4555.7254709923145,2.8
133.34,2734.5,11.235117797090497,4697.970405196075,2.72
133.64,2717.5,11.35524154679619,4805.434677781865,2.62
130.03,2790.5,11.298304554344789,4746.1169771414625,2.71
132.11,2818.0,11.404606313394634,4759.988471831469,2.71
132.68,2816.5,11.423011326097216,4699.9883633376685,2.73
132.26,2830.5,11.365846935893815,4684.973836453903,2.47
132.47,2820.5,11.328866567136325,4694.170832259726,2.47
132.22,2798.0,11.32860532665182,4699.573996057144,2.38
132.55,2763.5,11.357622902178953,4715.566259866914,2.33
131.84,2783.5,11.32146291019395,4772.081090537194,2.26
131.64,2775.0,11.523590321079572,4800.316013328637,2.41
131.32,2771.0,11.305883412234289,4678.902861151205,2.51
132.1,2799.5,11.178754727423668,4642.618236446066,2.65
132.57,2861.5,11.023561546941025,4672.439344174744,2.89
134.59,2873.0,10.960592,4739.443200513623,2.85
137.1,2876.0,10.891678564857406,4752.922706863374,2.83
136.29,2886.0,10.927115035317861,4731.64646693499,2.83
135.75,2904.0,10.962432998171845,4744.791746011821,2.82
139.23,2916.0,10.9081498854787,4757.93702508865,2.79
138.785,2925.75,10.9081498854787,4860.02922121204,2.8
138.34,2935.5,10.9081498854787,4920.25627216253,2.81
137.98,2951.5,10.913396790463091,4892.517847629196,3.06
141.53,3017.0,10.809946438381248,4875.386922575582,3.06
141.4,3041.0,10.6170528370404,4768.936508355553,3.03
139.2,3069.5,10.633988423623045,4804.621111125776,3.04
141.65,3147.5,10.599546580457153,4790.389471451486,3.12
142.0,3206.5,10.615725391906672,4853.596518903441,3.18
142.05,3217.5,10.840183206805087,4943.4775879903455,3.03
142.05,3214.5,10.955859283625731,4991.482057956387,3.11
142.075,3205.0,10.911691747130623,5020.613443711237,3.17
142.1,3195.5,10.957813852026904,4996.401439930377,3.23
143.02,3104.5,10.926362638359643,4971.042286568181,3.18
144.21,3057.5,10.911493704139867,4996.701154087721,3.05
147.4,3034.0,10.868017750407535,4985.633819028436,3.13
147.22,3013.5,10.798505782715598,5028.675502441464,3.19
146.615,2990.75,10.798505782715598,5010.952229015634,3.115
146.01,2968.0,10.810518285453716,4993.228955589804,3.04
146.51,2890.5,10.864881010594948,4975.505682163974,3.15
149.77,2806.0,10.770655047859853,4957.782408738143,3.18
150.34,2802.0,10.783417468676232,5003.387639268447,3.28
149.15,2791.0,10.693004711425207,4984.392104470378,3.31
149.08,2789.0,10.81840888767223,5007.271287885779,3.18
148.77,2775.5,10.755070045662102,4979.756997019178,3.28
148.33,2723.5,10.719588106129919,4965.054987667674,3.33
148.15,2672.5,10.68278406169666,4904.282348590898,3.29
147.62,2637.0,10.616439040088268,4853.381190410071,3.14
149.09,2554.0,10.593487730907086,4836.93507315979,3.24
149.02,2518.5,10.721784837011729,5001.054037644201,3.42
150.38,2536.5,10.71446703042634,4896.717423634234,3.47
149.56,2640.5,10.707826980014806,4913.911358656917,3.67
149.76,2648.5,10.794216965440768,5001.460922607701,3.65
148.95,2641.0,10.755681324798218,5058.763660753034,3.65
149.23,2629.5,10.699204172461751,5028.120899940793,3.49
148.48,2622.0,10.733537028411739,4969.395053431896,3.45
149.01,2619.0,10.829723560599016,4932.342936974458,3.46
148.62,2643.0,10.820982219614475,4939.867581113163,3.53
149.55,2673.0,10.812240878629934,4937.713909724964,3.6
148.73,2699.5,10.98159393428812,4992.213681742749,3.63
150.84,2709.0,10.915504533981489,4960.948229169405,3.76
149.66,2696.0,10.792350831552541,4868.172326299876,3.71
148.61,2666.5,10.70574359214219,4795.149128342668,3.77
147.83,2642.0,10.627596929701394,4762.551735928459,3.92
148.34,2631.5,10.607793878884015,4793.871961697383,3.95
147.21,2635.5,10.640162615255656,4807.193007669092,3.965
146.08,2639.5,10.617566326530612,4849.903564596103,3.98
147.91,2633.5,10.54885174175569,4810.795065549891,3.99
145.81,2638.5,10.54885174175569,4788.1438697889,3.89
148.02,2666.5,10.49391516328985,4746.623631451728,3.94
145.15,2649.5,10.435279046122563,4739.586790724084,3.95
145.08,2654.0,10.402990151376983,4749.072215108835,3.95
142.95,2647.5,10.377774962270399,4705.086337008519,3.97
141.79,2593.5,10.352559773163815,4667.393031021386,4.15
143.45,2598.0,10.352559773163815,4648.175422509202,4.23
143.66,2618.5,10.294701046882112,4596.904405779243,4.26
143.45,2617.0,10.371171903711868,4545.633389049283,4.42
143.06,2615.5,10.327394852537093,4513.360438614262,4.44
140.95,2620.5,10.322716738197425,4507.734601700689,4.39
138.96,2620.5,10.47229530078625,4513.614278493809,4.59
