"Date","Price","Open","High","Low","Vol.","Change %"
"08/06/2018","1.434","1.441","1.490","1.425","0.15K","0.28%"
"08/07/2018","1.421","1.432","1.435","1.416","0.13K","-0.91%"
"08/08/2018","1.389","1.412","1.421","1.383","0.22K","-2.25%"
"08/09/2018","1.370","1.381","1.385","1.362","0.27K","-1.37%"
"08/10/2018","1.349","1.365","1.366","1.344","0.27K","-1.53%"
"08/13/2018","1.353","1.345","1.356","1.331","0.20K","0.30%"
"08/14/2018","1.369","1.360","1.378","1.355","0.13K","1.18%"
"08/15/2018","1.357","1.374","1.374","1.347","0.11K","-0.88%"
"08/16/2018","1.367","1.369","1.381","1.357","0.16K","0.74%"
"08/17/2018","1.361","1.361","1.365","1.349","0.15K","-0.44%"
"08/20/2018","1.355","1.352","1.359","1.341","0.38K","-0.44%"
"08/21/2018","1.349","1.363","1.364","1.341","0.33K","-0.44%"
"08/22/2018","1.320","1.353","1.353","1.308","0.19K","-2.15%"
"08/23/2018","1.294","1.315","1.315","1.285","0.45K","-1.97%"
"08/24/2018","1.313","1.292","1.313","1.288","0.09K","1.47%"
"08/27/2018","1.309","1.303","1.312","1.295","0.31K","-0.30%"
"08/28/2018","1.300","1.317","1.317","1.293","0.06K","-0.69%"
"08/29/2018","1.258","1.303","1.303","1.258","0.09K","-3.23%"
"08/30/2018","1.232","1.274","1.274","1.213","0.15K","-2.07%"
"08/31/2018","1.280","1.246","1.295","1.246","0.03K","3.90%"
"09/04/2018","1.303","1.280","1.302","1.276","0.00K","1.80%"
"09/05/2018","1.291","1.319","1.319","1.303","0.01K","-0.92%"
"09/06/2018","1.291","1.291","1.291","1.291","0.01K","0.00%"
"09/07/2018","1.292","1.273","1.293","1.273","0.07K","0.08%"
"09/10/2018","1.290","1.288","1.300","1.282","0.28K","-0.15%"
"09/11/2018","1.293","1.286","1.294","1.283","0.08K","0.23%"
"09/12/2018","1.265","1.298","1.299","1.254","0.39K","-2.17%"
"09/13/2018","1.274","1.265","1.280","1.256","0.24K","0.71%"
"09/14/2018","1.281","1.284","1.289","1.274","0.14K","0.55%"
"09/17/2018","1.274","1.283","1.283","1.265","0.25K","-0.55%"
"09/18/2018","1.267","1.275","1.275","1.256","0.17K","-0.55%"
"09/19/2018","1.255","1.260","1.265","1.250","0.24K","-0.95%"
"09/20/2018","1.262","1.250","1.264","1.244","0.63K","0.56%"
"09/21/2018","1.251","1.261","1.261","1.243","0.32K","-0.87%"
"09/24/2018","1.250","1.250","1.250","1.246","0.32K","-0.08%"
"09/25/2018","1.265","1.258","1.273","1.255","0.33K","1.20%"
"09/26/2018","1.273","1.280","1.280","1.268","0.06K","0.63%"
"09/27/2018","1.296","1.280","1.304","1.280","0.10K","1.81%"
"09/28/2018","1.285","1.305","1.305","1.280","0.03K","-0.85%"
"10/01/2018","1.295","1.300","1.300","1.295","0.01K","0.78%"
"10/02/2018","1.305","1.305","1.305","1.305","0.05K","0.77%"
"10/03/2018","1.305","1.285","1.291","1.285","0.03K","0.00%"
"10/04/2018","1.320","1.306","1.320","1.300","0.35K","1.15%"
"10/05/2018","1.320","1.316","1.325","1.306","0.07K","0.00%"
"10/08/2018","1.322","1.325","1.325","1.315","0.09K","0.15%"
"10/09/2018","1.318","1.314","1.325","1.307","0.15K","-0.30%"
"10/10/2018","1.320","1.317","1.320","1.306","0.14K","0.15%"
"10/11/2018","1.305","1.314","1.317","1.288","0.21K","-1.14%"
"10/12/2018","1.309","1.309","1.315","1.296","0.16K","0.31%"
"10/15/2018","1.308","1.309","1.320","1.300","0.35K","-0.08%"
"10/16/2018","1.284","1.302","1.302","1.275","0.28K","-1.83%"
"10/17/2018","1.280","1.276","1.282","1.273","0.34K","-0.31%"
"10/18/2018","1.265","1.280","1.280","1.262","0.18K","-1.17%"
"10/19/2018","1.259","1.268","1.270","1.259","0.34K","-0.47%"
"10/22/2018","1.263","1.262","1.273","1.257","0.21K","0.32%"
"10/23/2018","1.268","1.258","1.275","1.248","0.42K","0.40%"
"10/24/2018","1.277","1.260","1.278","1.260","0.26K","0.71%"
"10/25/2018","1.260","1.271","1.271","1.253","0.15K","-1.33%"
"10/26/2018","1.277","1.261","1.283","1.261","0.11K","1.35%"
"10/29/2018","1.273","1.285","1.289","1.274","0.08K","-0.31%"
"10/30/2018","1.257","1.260","1.260","1.255","0.08K","-1.26%"
"10/31/2018","1.262","1.253","1.272","1.253","0.03K","0.40%"
"11/01/2018","1.278","1.270","1.278","1.260","0.01K","1.27%"
"11/02/2018","1.302","1.300","1.307","1.290","0.01K","1.88%"
"11/05/2018","1.302","1.315","1.315","1.315","0.02K","0.00%"
"11/06/2018","1.297","1.304","1.316","1.290","0.25K","-0.38%"
"11/07/2018","1.276","1.294","1.300","1.269","0.50K","-1.62%"
"11/08/2018","1.269","1.283","1.285","1.249","0.37K","-0.55%"
"11/09/2018","1.255","1.263","1.263","1.252","0.13K","-1.10%"
"11/12/2018","1.259","1.257","1.263","1.253","0.53K","0.32%"
"11/13/2018","1.238","1.259","1.261","1.227","0.25K","-1.67%"
"11/14/2018","1.258","1.221","1.262","1.221","0.24K","1.62%"
"11/15/2018","1.263","1.275","1.286","1.256","0.44K","0.40%"
"11/16/2018","1.264","1.256","1.269","1.245","0.33K","0.08%"
"11/19/2018","1.254","1.265","1.267","1.248","0.36K","-0.79%"
"11/20/2018","1.250","1.254","1.255","1.245","0.30K","-0.32%"
"11/21/2018","1.279","1.276","1.280","1.250","0.46K","2.32%"
"11/23/2018","1.276","1.280","1.284","1.275","0.14K","-0.23%"
"11/26/2018","1.254","1.277","1.291","1.253","0.43K","-1.72%"
"11/27/2018","1.222","1.252","1.258","1.217","0.29K","-2.55%"
"11/28/2018","1.214","1.220","1.229","1.214","0.11K","-0.65%"
"11/29/2018","1.200","1.205","1.217","1.198","0.21K","-1.15%"
"11/30/2018","1.221","1.210","1.221","1.202","0.08K","1.75%"
"12/03/2018","1.230","1.235","1.235","1.229","0.02K","0.74%"
"12/04/2018","1.235","1.235","1.235","1.235","","0.41%"
"12/05/2018","1.235","1.235","1.235","1.235","","0.00%"
"12/06/2018","1.229","1.261","1.263","1.225","0.23K","-0.49%"
"12/07/2018","1.238","1.226","1.240","1.225","0.17K","0.73%"
"12/10/2018","1.221","1.238","1.244","1.217","0.16K","-1.37%"
"12/11/2018","1.234","1.225","1.240","1.220","0.32K","1.06%"
"12/12/2018","1.255","1.237","1.261","1.237","0.32K","1.70%"
"12/13/2018","1.250","1.259","1.269","1.246","0.43K","-0.40%"
"12/14/2018","1.258","1.250","1.265","1.249","0.25K","0.64%"
"12/17/2018","1.259","1.261","1.266","1.250","0.33K","0.08%"
"12/18/2018","1.260","1.257","1.270","1.257","0.51K","0.08%"
"12/19/2018","1.248","1.257","1.275","1.246","0.45K","-0.95%"
"12/20/2018","1.229","1.248","1.253","1.227","0.37K","-1.52%"
"12/21/2018","1.238","1.231","1.246","1.230","0.28K","0.73%"
"12/24/2018","1.240","1.236","1.242","1.233","","0.16%"
"12/26/2018","1.232","1.249","1.250","1.222","0.10K","-0.65%"
"12/27/2018","1.247","1.228","1.250","1.228","0.22K","1.22%"
"12/28/2018","1.255","1.254","1.265","1.253","0.05K","0.64%"
"12/31/2018","1.264","1.252","1.269","1.252","0.07K","0.72%"
"01/02/2019","1.266","1.258","1.268","1.256","0.01K","0.16%"
"01/03/2019","1.274","1.275","1.275","1.274","0.02K","0.63%"
"01/04/2019","1.274","1.302","1.302","1.302","0.00K","0.00%"
"01/07/2019","1.284","1.305","1.311","1.282","0.35K","0.78%"
"01/08/2019","1.271","1.299","1.299","1.265","0.25K","-1.01%"
"01/09/2019","1.281","1.278","1.282","1.276","0.18K","0.79%"
"01/10/2019","1.270","1.287","1.290","1.268","0.16K","-0.86%"
"01/11/2019","1.287","1.273","1.295","1.273","0.06K","1.34%"
"01/14/2019","1.286","1.292","1.297","1.281","0.19K","-0.08%"
"01/15/2019","1.272","1.296","1.297","1.269","0.29K","-1.09%"
"01/16/2019","1.262","1.292","1.292","1.256","0.28K","-0.79%"
"01/17/2019","1.269","1.264","1.280","1.252","0.53K","0.55%"
"01/18/2019","1.279","1.263","1.282","1.258","0.56K","0.79%"
"01/22/2019","1.271","1.273","1.291","1.264","0.23K","-0.63%"
"01/23/2019","1.270","1.273","1.278","1.267","0.41K","-0.08%"
"01/24/2019","1.261","1.272","1.273","1.260","0.29K","-0.71%"
"01/25/2019","1.274","1.264","1.276","1.260","0.17K","1.03%"
"01/28/2019","1.271","1.279","1.279","1.262","0.21K","-0.24%"
"01/29/2019","1.268","1.260","1.275","1.260","0.28K","-0.24%"
"01/30/2019","1.267","1.268","1.278","1.267","0.27K","-0.08%"
"01/31/2019","1.279","1.287","1.287","1.270","0.01K","0.95%"
"02/01/2019","1.303","1.300","1.300","1.300","0.00K","1.88%"
"02/04/2019","1.320","1.320","1.320","1.320","0.00K","1.30%"
"02/05/2019","1.320","1.310","1.310","1.310","0.00K","0.00%"
"02/06/2019","1.307","1.305","1.317","1.302","0.38K","-0.98%"
"02/07/2019","1.293","1.300","1.301","1.283","0.31K","-1.07%"
"02/08/2019","1.308","1.287","1.320","1.287","0.29K","1.16%"
"02/11/2019","1.318","1.323","1.323","1.314","0.08K","0.76%"
"02/12/2019","1.329","1.322","1.331","1.318","0.21K","0.83%"
"02/13/2019","1.341","1.330","1.342","1.324","0.27K","0.90%"
"02/14/2019","1.326","1.340","1.345","1.323","0.53K","-1.12%"
"02/15/2019","1.329","1.326","1.332","1.316","0.21K","0.23%"
"02/19/2019","1.314","1.340","1.341","1.309","0.29K","-1.13%"
"02/20/2019","1.327","1.316","1.329","1.314","0.35K","0.99%"
"02/21/2019","1.344","1.318","1.350","1.318","0.40K","1.28%"
"02/22/2019","1.346","1.343","1.351","1.339","0.32K","0.15%"
"02/25/2019","1.340","1.359","1.365","1.340","0.55K","-0.45%"
"02/26/2019","1.337","1.338","1.346","1.334","0.19K","-0.22%"
"02/27/2019","1.339","1.358","1.358","1.336","0.08K","0.15%"
"02/28/2019","1.327","1.336","1.344","1.327","0.03K","-0.90%"
"03/01/2019","1.338","1.333","1.339","1.325","0.07K","0.83%"
"03/04/2019","1.342","1.343","1.345","1.329","0.01K","0.30%"
"03/05/2019","1.335","1.337","1.338","1.335","0.10K","-0.52%"
"03/06/2019","1.344","1.351","1.360","1.336","0.27K","0.67%"
"03/07/2019","1.318","1.338","1.338","1.307","0.16K","-1.93%"
"03/08/2019","1.299","1.314","1.317","1.294","0.38K","-1.44%"
"03/11/2019","1.293","1.296","1.301","1.289","0.20K","-0.46%"
"03/12/2019","1.311","1.295","1.315","1.293","0.19K","1.39%"
"03/13/2019","1.330","1.315","1.341","1.301","0.25K","1.45%"
"03/14/2019","1.355","1.339","1.355","1.338","0.28K","1.88%"
"03/15/2019","1.382","1.354","1.398","1.354","0.43K","1.99%"
"03/18/2019","1.424","1.403","1.429","1.401","0.49K","3.04%"
"03/19/2019","1.409","1.425","1.427","1.400","0.42K","-1.05%"
"03/20/2019","1.408","1.420","1.427","1.404","0.42K","-0.07%"
"03/21/2019","1.408","1.411","1.429","1.408","0.19K","0.00%"
"03/22/2019","1.419","1.430","1.430","1.408","0.25K","0.78%"
"03/25/2019","1.418","1.430","1.434","1.405","0.20K","-0.07%"
"03/26/2019","1.410","1.420","1.422","1.404","0.18K","-0.56%"
"03/27/2019","1.373","1.401","1.405","1.373","0.05K","-2.62%"
"03/28/2019","1.380","1.377","1.382","1.377","0.01K","0.51%"
"03/29/2019","1.345","1.365","1.365","1.345","0.00K","-2.54%"
"04/01/2019","1.338","1.338","1.352","1.338","0.02K","-0.52%"
"04/02/2019","1.328","1.328","1.328","1.328","0.00K","-0.75%"
"04/03/2019","1.310","1.310","1.310","1.310","0.01K","-1.36%"
"04/04/2019","1.304","1.310","1.317","1.300","0.23K","-0.46%"
"04/05/2019","1.302","1.295","1.305","1.292","0.19K","-0.15%"
"04/08/2019","1.315","1.291","1.316","1.291","0.16K","1.00%"
"04/09/2019","1.308","1.310","1.315","1.300","0.19K","-0.53%"
"04/10/2019","1.327","1.315","1.331","1.313","0.25K","1.45%"
"04/11/2019","1.337","1.329","1.345","1.317","0.31K","0.75%"
"04/12/2019","1.330","1.338","1.340","1.323","0.22K","-0.52%"
"04/15/2019","1.335","1.333","1.338","1.321","0.24K","0.38%"
"04/16/2019","1.323","1.327","1.337","1.321","0.18K","-0.90%"
"04/17/2019","1.332","1.324","1.337","1.315","0.12K","0.68%"
"04/18/2019","1.333","1.327","1.335","1.327","0.12K","0.08%"
"04/22/2019","1.334","1.333","1.336","1.326","0.16K","0.08%"
"04/23/2019","1.331","1.355","1.355","1.326","0.13K","-0.22%"
"04/24/2019","1.303","1.339","1.340","1.301","0.17K","-2.10%"
"04/25/2019","1.316","1.293","1.318","1.285","0.16K","1.00%"
"04/26/2019","1.342","1.335","1.357","1.334","0.11K","1.98%"
"04/29/2019","1.336","1.347","1.347","1.332","0.07K","-0.45%"
"04/30/2019","1.320","1.334","1.334","1.310","0.03K","-1.20%"
"05/01/2019","1.312","1.299","1.325","1.299","0.01K","-0.61%"
"05/02/2019","1.319","1.319","1.319","1.319","0.02K","0.53%"
"05/03/2019","1.319","1.319","1.319","1.319","","0.00%"
"05/06/2019","1.325","1.326","1.326","1.300","0.19K","0.45%"
"05/07/2019","1.332","1.318","1.335","1.316","0.22K","0.53%"
"05/08/2019","1.324","1.332","1.333","1.316","0.09K","-0.60%"
"05/09/2019","1.300","1.308","1.312","1.288","0.24K","-1.81%"
"05/10/2019","1.300","1.301","1.305","1.280","0.31K","0.00%"
"05/13/2019","1.305","1.297","1.309","1.276","0.31K","0.38%"
"05/14/2019","1.333","1.317","1.350","1.317","0.25K","2.15%"
"05/15/2019","1.329","1.348","1.365","1.324","0.21K","-0.30%"
"05/16/2019","1.342","1.329","1.353","1.329","0.22K","0.98%"
"05/17/2019","1.364","1.359","1.373","1.348","0.30K","1.64%"
"05/20/2019","1.380","1.365","1.388","1.365","0.31K","1.17%"
"05/21/2019","1.392","1.399","1.411","1.384","0.42K","0.87%"
"05/22/2019","1.367","1.392","1.404","1.362","0.52K","-1.80%"
"05/23/2019","1.350","1.399","1.399","1.341","0.26K","-1.24%"
"05/24/2019","1.397","1.371","1.397","1.367","0.15K","3.48%"
"05/28/2019","1.481","1.398","1.487","1.398","0.22K","6.01%"
"05/29/2019","1.470","1.525","1.525","1.461","0.12K","-0.74%"
"05/30/2019","1.520","1.493","1.520","1.493","0.03K","3.40%"
"05/31/2019","1.517","1.517","1.517","1.517","0.05K","-0.20%"
"06/03/2019","1.513","1.513","1.513","1.513","","-0.26%"
"06/04/2019","1.513","1.513","1.513","1.513","","0.00%"
"06/05/2019","1.513","1.513","1.513","1.513","0.00K","0.00%"
"06/06/2019","1.488","1.466","1.500","1.459","0.25K","-1.65%"
"06/07/2019","1.482","1.490","1.491","1.472","0.31K","-0.40%"
"06/10/2019","1.473","1.480","1.480","1.468","0.14K","-0.61%"
"06/11/2019","1.515","1.476","1.516","1.458","0.14K","2.85%"
"06/12/2019","1.512","1.517","1.526","1.498","0.23K","-0.20%"
"06/13/2019","1.549","1.528","1.556","1.527","0.21K","2.45%"
"06/14/2019","1.610","1.550","1.620","1.550","0.16K","3.94%"
"06/17/2019","1.603","1.643","1.645","1.598","0.24K","-0.43%"
"06/18/2019","1.600","1.600","1.621","1.576","0.14K","-0.19%"
"06/19/2019","1.563","1.610","1.610","1.557","0.19K","-2.31%"
"06/20/2019","1.592","1.572","1.600","1.572","0.19K","1.86%"
"06/21/2019","1.575","1.587","1.598","1.575","0.15K","-1.07%"
"06/24/2019","1.575","1.575","1.590","1.570","0.17K","0.00%"
"06/25/2019","1.580","1.595","1.605","1.577","0.10K","0.32%"
"06/26/2019","1.567","1.549","1.571","1.549","0.15K","-0.82%"
"06/27/2019","1.561","1.552","1.561","1.548","0.01K","-0.38%"
"06/28/2019","1.505","1.505","1.505","1.505","0.00K","-3.59%"
"07/01/2019","1.483","1.483","1.483","1.483","0.01K","-1.46%"
"07/02/2019","1.483","1.483","1.483","1.483","0.01K","0.00%"
"07/03/2019","1.483","1.495","1.500","1.495","0.02K","0.00%"
"07/05/2019","1.531","1.526","1.540","1.521","0.08K","3.24%"
"07/08/2019","1.521","1.536","1.547","1.508","0.11K","-0.65%"
"07/09/2019","1.484","1.505","1.506","1.482","0.18K","-2.43%"
"07/10/2019","1.505","1.473","1.514","1.461","0.22K","1.42%"
"07/11/2019","1.549","1.500","1.549","1.499","0.14K","2.92%"
"07/12/2019","1.594","1.549","1.595","1.549","0.11K","2.91%"
"07/15/2019","1.558","1.595","1.602","1.549","0.08K","-2.26%"
"07/16/2019","1.521","1.556","1.556","1.506","0.08K","-2.37%"
"07/17/2019","1.478","1.522","1.533","1.474","0.11K","-2.83%"
"07/18/2019","1.447","1.461","1.461","1.440","0.11K","-2.10%"
"07/19/2019","1.472","1.457","1.476","1.455","0.21K","1.73%"
"07/22/2019","1.465","1.455","1.468","1.455","0.13K","-0.48%"
"07/23/2019","1.500","1.481","1.500","1.456","0.24K","2.39%"
"07/24/2019","1.482","1.508","1.512","1.467","0.11K","-1.20%"
"07/25/2019","1.472","1.483","1.483","1.470","0.02K","-0.67%"
"07/26/2019","1.469","1.465","1.470","1.459","0.04K","-0.20%"
"07/29/2019","1.469","1.471","1.471","1.467","0.06K","0.00%"
"07/30/2019","1.468","1.470","1.474","1.455","0.05K","-0.07%"
"07/31/2019","1.449","1.449","1.449","1.449","0.02K","-1.29%"
"08/01/2019","1.437","1.428","1.449","1.428","0.01K","-0.83%"
"08/02/2019","1.445","1.445","1.445","1.445","0.00K","0.56%"
"08/05/2019","1.445","1.445","1.445","1.445","","0.00%"
"08/06/2019","1.428","1.440","1.440","1.422","0.15K","-1.18%"
"08/07/2019","1.419","1.417","1.432","1.405","0.16K","-0.63%"
"08/08/2019","1.439","1.419","1.444","1.419","0.11K","1.41%"
"08/09/2019","1.442","1.439","1.450","1.434","0.05K","0.21%"
"08/12/2019","1.336","1.422","1.434","1.334","0.11K","-7.35%"
"08/13/2019","1.288","1.303","1.320","1.278","0.15K","-3.59%"
"08/14/2019","1.255","1.271","1.290","1.252","0.18K","-2.56%"
"08/15/2019","1.268","1.272","1.273","1.252","0.22K","1.04%"
"08/16/2019","1.303","1.284","1.304","1.277","0.11K","2.76%"
"08/19/2019","1.291","1.290","1.292","1.285","0.17K","-0.92%"
"08/20/2019","1.302","1.286","1.307","1.276","0.48K","0.85%"
"08/21/2019","1.350","1.304","1.351","1.301","0.25K","3.69%"
"08/22/2019","1.338","1.350","1.351","1.337","0.07K","-0.89%"
"08/23/2019","1.317","1.310","1.320","1.310","0.03K","-1.57%"
"08/26/2019","1.295","1.308","1.325","1.294","0.04K","-1.67%"
"08/27/2019","1.295","1.292","1.295","1.292","0.04K","0.00%"
"08/28/2019","1.329","1.315","1.329","1.310","0.06K","2.63%"
"08/29/2019","1.340","1.350","1.350","1.344","0.06K","0.83%"
"08/30/2019","1.340","1.340","1.340","1.340","","0.00%"
"09/03/2019","1.324","1.324","1.324","1.324","","-1.19%"
"09/04/2019","1.291","1.287","1.287","1.287","0.00K","-2.49%"
"09/05/2019","1.291","1.291","1.291","1.291","","0.00%"
"09/06/2019","1.304","1.312","1.322","1.296","0.06K","1.01%"
"09/09/2019","1.310","1.326","1.326","1.292","0.04K","0.46%"
"09/10/2019","1.331","1.322","1.332","1.313","0.07K","1.60%"
"09/11/2019","1.333","1.327","1.336","1.321","0.04K","0.15%"
"09/12/2019","1.346","1.335","1.346","1.317","0.04K","0.98%"
"09/13/2019","1.356","1.349","1.359","1.349","0.06K","0.74%"
"09/16/2019","1.398","1.360","1.398","1.360","0.10K","3.10%"
"09/17/2019","1.378","1.404","1.407","1.367","0.13K","-1.43%"
"09/18/2019","1.386","1.369","1.388","1.368","0.09K","0.58%"
"09/19/2019","1.374","1.390","1.395","1.369","0.07K","-0.87%"
"09/20/2019","1.362","1.371","1.378","1.362","0.08K","-0.87%"
"09/23/2019","1.375","1.355","1.375","1.355","0.08K","0.95%"
"09/24/2019","1.375","1.368","1.380","1.368","0.02K","0.00%"
"09/25/2019","1.435","1.390","1.435","1.390","0.09K","4.36%"
"09/26/2019","1.444","1.436","1.448","1.434","0.06K","0.63%"
"09/27/2019","1.477","1.441","1.492","1.437","0.05K","2.29%"
"09/30/2019","1.572","1.517","1.572","1.517","0.01K","6.43%"
"10/01/2019","1.498","1.573","1.573","1.498","0.03K","-4.71%"
"10/02/2019","1.485","1.484","1.484","1.484","0.02K","-0.87%"
"10/03/2019","1.485","1.482","1.482","1.477","0.01K","0.00%"
"10/04/2019","1.388","1.411","1.415","1.382","0.18K","-6.53%"
"10/07/2019","1.396","1.395","1.402","1.386","0.08K","0.58%"
"10/08/2019","1.442","1.401","1.453","1.395","0.11K","3.30%"
"10/09/2019","1.496","1.454","1.500","1.450","0.16K","3.74%"
"10/10/2019","1.471","1.495","1.506","1.455","0.10K","-1.67%"
"10/11/2019","1.507","1.484","1.512","1.482","0.16K","2.45%"
"10/14/2019","1.500","1.512","1.519","1.494","0.11K","-0.46%"
"10/15/2019","1.431","1.475","1.475","1.428","0.17K","-4.60%"
"10/16/2019","1.422","1.460","1.460","1.410","0.24K","-0.63%"
"10/17/2019","1.445","1.426","1.458","1.426","0.20K","1.62%"
"10/18/2019","1.437","1.431","1.445","1.431","0.11K","-0.55%"
"10/21/2019","1.419","1.417","1.447","1.417","0.06K","-1.25%"
"10/22/2019","1.421","1.435","1.435","1.415","0.15K","0.14%"
"10/23/2019","1.431","1.405","1.447","1.405","0.10K","0.70%"
"10/24/2019","1.450","1.447","1.450","1.433","0.14K","1.33%"
"10/25/2019","1.473","1.450","1.500","1.450","0.03K","1.59%"
"10/28/2019","1.457","1.478","1.487","1.455","0.03K","-1.09%"
"10/29/2019","1.445","1.467","1.467","1.427","0.03K","-0.82%"
"10/30/2019","1.411","1.444","1.446","1.409","0.03K","-2.35%"
"10/31/2019","1.432","1.432","1.432","1.432","0.00K","1.49%"
"11/01/2019","1.451","1.462","1.470","1.462","0.00K","1.33%"
"11/04/2019","1.451","1.460","1.460","1.460","0.01K","0.00%"
"11/05/2019","1.451","1.451","1.451","1.451","0.01K","0.00%"
"11/06/2019","1.373","1.390","1.390","1.371","0.29K","-5.38%"
"11/07/2019","1.405","1.381","1.406","1.370","0.25K","2.33%"
"11/08/2019","1.418","1.409","1.420","1.395","0.12K","0.93%"
"11/11/2019","1.445","1.433","1.446","1.417","0.06K","1.90%"
"11/12/2019","1.433","1.428","1.438","1.428","0.11K","-0.83%"
"11/13/2019","1.412","1.421","1.431","1.406","0.10K","-1.47%"
"11/14/2019","1.421","1.393","1.433","1.393","0.08K","0.64%"
"11/15/2019","1.430","1.427","1.434","1.421","0.10K","0.63%"
"11/18/2019","1.414","1.420","1.426","1.412","0.07K","-1.12%"
"11/19/2019","1.404","1.430","1.433","1.404","0.04K","-0.71%"
"11/20/2019","1.405","1.404","1.418","1.399","0.08K","0.07%"
"11/21/2019","1.416","1.413","1.420","1.413","0.23K","0.78%"
"11/22/2019","1.435","1.418","1.437","1.418","0.04K","1.34%"
"11/25/2019","1.516","1.424","1.538","1.424","0.06K","5.64%"
"11/26/2019","1.500","1.530","1.558","1.486","0.07K","-1.06%"
"11/27/2019","1.470","1.545","1.545","1.456","0.03K","-2.00%"
"11/29/2019","1.470","1.470","1.470","1.470","","0.00%"
"12/02/2019","1.469","1.480","1.480","1.480","0.01K","-0.07%"
"12/03/2019","1.469","1.469","1.469","1.469","","0.00%"
"12/04/2019","1.469","1.469","1.469","1.469","","0.00%"
"12/05/2019","1.374","1.371","1.381","1.371","0.03K","-6.47%"
"12/06/2019","1.375","1.373","1.380","1.369","0.05K","0.07%"
"12/09/2019","1.363","1.367","1.370","1.360","0.06K","-0.87%"
"12/10/2019","1.338","1.351","1.353","1.329","0.09K","-1.83%"
"12/11/2019","1.322","1.340","1.340","1.315","0.08K","-1.20%"
"12/12/2019","1.344","1.313","1.379","1.313","0.20K","1.66%"
"12/13/2019","1.368","1.359","1.374","1.347","0.03K","1.79%"
"12/16/2019","1.390","1.390","1.398","1.380","0.10K","1.61%"
"12/17/2019","1.369","1.390","1.404","1.368","0.17K","-1.51%"
"12/18/2019","1.357","1.359","1.375","1.351","0.08K","-0.88%"
"12/19/2019","1.376","1.367","1.378","1.367","0.02K","1.40%"
"12/20/2019","1.390","1.370","1.392","1.370","0.07K","1.02%"
"12/23/2019","1.388","1.354","1.400","1.354","0.24K","-0.14%"
"12/24/2019","1.398","1.399","1.399","1.363","0.02K","0.72%"
"12/26/2019","1.403","1.400","1.400","1.374","0.01K","0.36%"
"12/27/2019","1.386","1.417","1.417","1.386","0.02K","-1.21%"
"12/30/2019","1.382","1.382","1.382","1.382","0.01K","-0.29%"
"12/31/2019","1.375","1.375","1.375","1.375","","-0.51%"
"01/02/2020","1.360","1.378","1.378","1.363","0.00K","-1.09%"
"01/03/2020","1.345","1.345","1.345","1.345","0.03K","-1.10%"
"01/06/2020","1.345","1.345","1.345","1.345","","0.00%"
"01/07/2020","1.353","1.352","1.355","1.346","0.07K","0.59%"
"01/08/2020","1.335","1.359","1.359","1.335","0.06K","-1.33%"
"01/09/2020","1.334","1.335","1.343","1.317","0.03K","-0.07%"
"01/10/2020","1.344","1.334","1.349","1.320","0.07K","0.75%"
"01/13/2020","1.362","1.348","1.365","1.348","0.02K","1.34%"
"01/14/2020","1.355","1.373","1.393","1.343","0.06K","-0.51%"
"01/15/2020","1.333","1.346","1.353","1.323","0.09K","-1.62%"
"01/16/2020","1.299","1.325","1.331","1.295","0.10K","-2.55%"
"01/17/2020","1.349","1.305","1.359","1.305","0.16K","3.85%"
"01/21/2020","1.341","1.359","1.377","1.338","0.12K","-0.59%"
"01/22/2020","1.325","1.336","1.336","1.322","0.04K","-1.19%"
"01/23/2020","1.336","1.306","1.340","1.306","0.02K","0.83%"
"01/24/2020","1.315","1.345","1.345","1.315","0.02K","-1.57%"
"01/27/2020","1.304","1.312","1.312","1.304","0.01K","-0.84%"
"01/28/2020","1.314","1.299","1.312","1.290","0.11K","0.77%"
"01/29/2020","1.339","1.309","1.341","1.309","0.02K","1.90%"
"01/30/2020","1.340","1.340","1.340","1.340","0.04K","0.07%"
"01/31/2020","1.340","1.343","1.343","1.343","0.00K","0.00%"
"02/03/2020","1.340","1.340","1.340","1.340","","0.00%"
"02/04/2020","1.353","1.353","1.353","1.353","0.00K","0.97%"
"02/05/2020","1.353","1.314","1.314","1.314","0.00K","0.00%"
"02/06/2020","1.333","1.335","1.339","1.330","0.04K","-1.48%"
"02/07/2020","1.340","1.328","1.344","1.328","0.08K","0.53%"
"02/10/2020","1.338","1.342","1.347","1.334","0.04K","-0.15%"
"02/11/2020","1.340","1.337","1.340","1.329","0.08K","0.15%"
"02/12/2020","1.345","1.330","1.350","1.330","0.05K","0.37%"
"02/13/2020","1.343","1.343","1.348","1.335","0.02K","-0.15%"
"02/14/2020","1.358","1.359","1.363","1.354","0.02K","1.12%"
"02/18/2020","1.365","1.364","1.370","1.362","0.14K","0.52%"
"02/19/2020","1.358","1.358","1.358","1.358","0.01K","-0.51%"
"02/20/2020","1.334","1.358","1.358","1.334","0.06K","-1.77%"
"02/21/2020","1.312","1.322","1.335","1.312","0.06K","-1.65%"
"02/24/2020","1.307","1.301","1.309","1.299","0.09K","-0.38%"
"02/25/2020","1.290","1.315","1.315","1.290","0.03K","-1.30%"
"02/26/2020","1.278","1.288","1.288","1.279","0.02K","-0.93%"
"02/27/2020","1.254","1.260","1.260","1.260","0.01K","-1.88%"
"02/28/2020","1.254","1.254","1.254","1.254","0.00K","0.00%"
"03/02/2020","1.254","1.254","1.254","1.254","","0.00%"
"03/03/2020","1.261","1.261","1.261","1.261","","0.56%"
"03/04/2020","1.261","1.261","1.261","1.261","","0.00%"
"03/05/2020","1.257","1.270","1.272","1.253","0.01K","-0.32%"
"03/06/2020","1.241","1.240","1.258","1.223","0.05K","-1.27%"
"03/09/2020","1.210","1.240","1.240","1.180","0.07K","-2.50%"
"03/10/2020","1.244","1.232","1.245","1.217","0.10K","2.81%"
"03/11/2020","1.222","1.244","1.244","1.222","0.10K","-1.77%"
"03/12/2020","1.181","1.190","1.190","1.168","0.04K","-3.36%"
"03/13/2020","1.192","1.181","1.195","1.181","0.05K","0.93%"
"03/16/2020","1.068","1.141","1.141","1.043","0.11K","-10.40%"
"03/17/2020","1.028","1.139","1.139","0.945","0.19K","-3.75%"
"03/18/2020","0.952","0.952","0.980","0.936","0.07K","-7.39%"
"03/19/2020","1.017","0.948","1.043","0.948","0.02K","6.83%"
"03/20/2020","0.982","1.024","1.024","0.982","0.04K","-3.44%"
"03/23/2020","0.883","0.910","0.910","0.861","0.08K","-10.08%"
"03/24/2020","0.897","0.902","0.902","0.870","0.01K","1.59%"
"03/25/2020","0.908","0.875","0.910","0.871","0.01K","1.23%"
"03/26/2020","0.970","1.000","1.000","0.981","0.01K","6.83%"
"03/27/2020","0.939","0.925","0.925","0.925","0.01K","-3.20%"
"03/30/2020","0.940","0.940","0.940","0.940","0.00K","0.11%"
"03/31/2020","0.911","0.911","0.911","0.911","","-3.09%"
"04/01/2020","0.820","0.804","0.820","0.799","0.01K","-9.99%"
"04/02/2020","0.845","0.834","0.850","0.822","0.02K","3.05%"
"04/03/2020","0.845","0.845","0.845","0.845","","0.00%"
"04/06/2020","0.869","0.879","0.879","0.852","0.02K","2.84%"
"04/07/2020","0.866","0.866","0.894","0.866","0.12K","-0.35%"
"04/08/2020","0.893","0.884","0.897","0.880","0.01K","3.12%"
"04/09/2020","0.938","0.909","0.938","0.909","0.04K","5.04%"
"04/13/2020","0.944","0.944","0.944","0.944","0.01K","0.64%"
"04/14/2020","0.947","0.960","0.960","0.945","0.01K","0.32%"
"04/15/2020","0.947","0.947","0.947","0.947","","0.00%"
"04/16/2020","0.952","0.952","0.952","0.952","0.01K","0.53%"
"04/17/2020","0.972","0.972","0.972","0.968","0.04K","2.10%"
"04/20/2020","0.930","0.948","0.951","0.928","0.04K","-4.32%"
"04/21/2020","0.893","0.870","0.902","0.870","0.05K","-3.98%"
"04/22/2020","0.920","0.911","0.920","0.911","0.02K","3.02%"
"04/23/2020","0.933","0.925","0.940","0.925","0.02K","1.41%"
"04/24/2020","0.935","0.945","0.945","0.935","0.01K","0.21%"
"04/27/2020","0.935","0.909","0.909","0.909","0.02K","0.00%"
"04/28/2020","0.911","0.875","0.886","0.854","0.02K","-2.57%"
"04/29/2020","0.975","0.975","0.975","0.975","","7.03%"
"04/30/2020","1.019","1.026","1.026","1.026","0.00K","4.51%"
"05/01/2020","1.014","1.014","1.014","1.014","","-0.49%"
"05/04/2020","1.014","1.014","1.014","1.014","0.00K","0.00%"
"05/05/2020","1.014","1.035","1.035","1.035","0.00K","0.00%"
"05/06/2020","1.055","1.058","1.060","1.050","0.04K","4.04%"
"05/07/2020","1.081","1.071","1.088","1.071","0.01K","2.46%"
"05/08/2020","1.090","1.089","1.104","1.089","0.02K","0.83%"
"05/11/2020","1.115","1.115","1.138","1.110","0.01K","2.29%"
"05/12/2020","1.106","1.102","1.106","1.102","0.01K","-0.81%"
"05/13/2020","1.118","1.104","1.138","1.090","0.02K","1.08%"
"05/14/2020","1.104","1.104","1.104","1.104","0.01K","-1.25%"
"05/15/2020","1.106","1.105","1.131","1.105","0.01K","0.18%"
"05/18/2020","1.140","1.140","1.150","1.140","0.02K","3.07%"
"05/19/2020","1.177","1.177","1.177","1.177","0.01K","3.25%"
"05/20/2020","1.125","1.177","1.255","1.125","0.03K","-4.42%"
"05/21/2020","1.109","1.110","1.111","1.109","0.01K","-1.42%"
"05/22/2020","1.105","1.105","1.105","1.105","0.01K","-0.36%"
"05/26/2020","1.165","1.071","1.170","1.071","0.02K","5.43%"
"05/27/2020","1.150","1.179","1.179","1.150","0.01K","-1.29%"
"05/28/2020","1.117","1.117","1.131","1.117","0.01K","-2.87%"
"05/29/2020","1.150","1.150","1.150","1.150","","2.95%"
"06/01/2020","1.160","1.160","1.160","1.160","0.00K","0.87%"
"06/02/2020","1.160","1.160","1.160","1.160","","0.00%"
"06/03/2020","1.160","1.160","1.160","1.160","","0.00%"
"06/04/2020","1.185","1.170","1.187","1.170","0.02K","2.16%"
"06/05/2020","1.232","1.220","1.240","1.220","0.02K","3.97%"
"06/08/2020","1.245","1.240","1.255","1.230","0.03K","1.06%"
"06/09/2020","1.240","1.245","1.245","1.170","0.03K","-0.40%"
"06/10/2020","1.240","1.260","1.260","1.239","0.02K","0.00%"
"06/11/2020","1.192","1.240","1.250","1.180","0.04K","-3.87%"
"06/12/2020","1.198","1.192","1.199","1.180","0.00K","0.50%"
"06/15/2020","1.160","1.127","1.127","1.127","0.00K","-3.17%"
"06/16/2020","1.200","1.160","1.160","1.160","0.00K","3.45%"
"06/17/2020","1.247","1.160","1.253","1.160","0.01K","3.92%"
"06/18/2020","1.230","1.225","1.230","1.225","0.00K","-1.36%"
"06/19/2020","1.240","1.230","1.240","1.210","0.01K","0.81%"
"06/22/2020","1.260","1.240","1.260","1.240","0.01K","1.61%"
"06/23/2020","1.240","1.231","1.260","1.231","0.01K","-1.59%"
"06/24/2020","1.274","1.270","1.278","1.270","0.02K","2.74%"
"06/25/2020","1.135","1.125","1.125","1.125","0.00K","-10.91%"
"06/26/2020","1.164","1.150","1.160","1.150","0.01K","2.56%"
"06/29/2020","1.200","1.200","1.200","1.200","","3.09%"
"06/30/2020","1.200","1.200","1.200","1.200","","0.00%"
"07/01/2020","1.209","1.250","1.250","1.250","0.00K","0.75%"
"07/02/2020","1.310","1.310","1.310","1.310","","8.35%"
"07/06/2020","1.310","1.310","1.310","1.310","","0.00%"
"07/07/2020","1.345","1.350","1.350","1.330","0.00K","2.67%"
"07/08/2020","1.360","1.360","1.360","1.360","","1.12%"
"07/09/2020","1.395","1.388","1.395","1.388","0.01K","2.57%"
"07/10/2020","1.320","1.400","1.400","1.310","0.01K","-5.38%"
"07/13/2020","1.330","1.320","1.340","1.320","0.01K","0.76%"
"07/14/2020","1.233","1.232","1.233","1.232","0.00K","-7.29%"
"07/15/2020","1.205","1.141","1.170","1.141","0.01K","-2.27%"
"07/16/2020","1.205","1.205","1.205","1.205","","0.00%"
"07/17/2020","1.170","1.175","1.200","1.170","0.00K","-2.90%"
"07/20/2020","1.107","1.095","1.107","1.020","0.03K","-5.38%"
"07/21/2020","1.107","1.107","1.107","1.107","","0.00%"
"07/22/2020","1.190","1.084","1.107","1.084","0.00K","7.50%"
"07/23/2020","1.170","1.163","1.200","1.163","0.00K","-1.68%"
"07/24/2020","1.150","1.140","1.140","1.129","0.03K","-1.71%"
"07/27/2020","1.150","1.115","1.115","1.115","0.00K","0.00%"
"07/28/2020","1.200","1.190","1.200","1.190","0.00K","4.35%"
"07/29/2020","1.170","1.170","1.170","1.170","0.01K","-2.50%"
"07/30/2020","1.170","1.170","1.170","1.170","","0.00%"
"07/31/2020","1.170","1.170","1.170","1.170","","0.00%"
"08/03/2020","1.170","1.170","1.170","1.170","","0.00%"
"08/04/2020","1.150","1.150","1.150","1.150","","-1.71%"
"08/05/2020","1.160","1.160","1.160","1.160","0.01K","0.87%"
"08/06/2020","1.160","1.139","1.160","1.139","0.01K","0.00%"
"08/07/2020","1.120","1.110","1.120","1.110","0.00K","-3.45%"
"08/10/2020","1.180","1.180","1.180","1.180","","5.36%"
"08/11/2020","1.217","1.200","1.220","1.200","0.00K","3.14%"
"08/12/2020","1.230","1.217","1.230","1.217","0.01K","1.07%"
"08/13/2020","1.230","1.230","1.230","1.230","","0.00%"
"08/14/2020","1.280","1.275","1.280","1.275","0.01K","4.07%"
"08/17/2020","1.310","1.310","1.310","1.310","0.00K","2.34%"
"08/18/2020","1.290","1.296","1.296","1.290","0.00K","-1.53%"
"08/19/2020","1.310","1.310","1.310","1.310","0.00K","1.55%"
"08/20/2020","1.290","1.290","1.290","1.290","","-1.53%"
"08/21/2020","1.280","1.290","1.290","1.261","0.01K","-0.78%"
"08/24/2020","1.280","1.281","1.281","1.281","0.01K","0.00%"
"08/25/2020","1.285","1.270","1.280","1.270","0.02K","0.39%"
"08/26/2020","1.285","1.285","1.285","1.285","","0.00%"
"08/27/2020","1.279","1.250","1.275","1.250","0.01K","-0.47%"
"08/28/2020","1.289","1.289","1.289","1.289","0.01K","0.78%"
"08/31/2020","1.379","1.380","1.389","1.380","0.02K","6.98%"
"09/01/2020","1.365","1.365","1.365","1.365","0.00K","-1.02%"
"09/02/2020","1.365","1.365","1.365","1.365","","0.00%"
"09/03/2020","1.365","1.365","1.365","1.365","","0.00%"
"09/04/2020","1.306","1.306","1.306","1.306","","-4.32%"
"09/08/2020","1.306","1.305","1.305","1.305","0.00K","0.00%"
"09/09/2020","1.306","1.306","1.306","1.306","","0.00%"
"09/10/2020","1.306","1.306","1.306","1.306","0.00K","0.00%"
"09/11/2020","1.306","1.320","1.320","1.320","0.00K","0.00%"
"09/14/2020","1.306","1.306","1.306","1.306","0.00K","0.00%"
"09/15/2020","1.306","1.306","1.306","1.306","","0.00%"
"09/16/2020","1.295","1.305","1.305","1.295","0.00K","-0.84%"
"09/17/2020","1.345","1.295","1.345","1.290","0.01K","3.86%"
"09/18/2020","1.355","1.350","1.355","1.346","0.01K","0.74%"
"09/21/2020","1.325","1.325","1.325","1.320","0.00K","-2.21%"
"09/22/2020","1.325","1.325","1.325","1.325","","0.00%"
"09/23/2020","1.310","1.310","1.310","1.310","0.00K","-1.13%"
"09/24/2020","1.310","1.310","1.310","1.295","0.01K","0.00%"
"09/25/2020","1.310","1.310","1.310","1.310","","0.00%"
"09/28/2020","1.330","1.282","1.350","1.282","0.01K","1.53%"
"09/29/2020","1.367","1.367","1.367","1.360","0.02K","2.78%"
"09/30/2020","1.390","1.386","1.390","1.386","0.01K","1.68%"
"10/01/2020","1.390","1.390","1.390","1.390","","0.00%"
"10/02/2020","1.390","1.390","1.390","1.390","","0.00%"
"10/05/2020","1.390","1.390","1.390","1.390","","0.00%"
"10/06/2020","1.381","1.381","1.381","1.381","0.00K","-0.65%"
"10/07/2020","1.376","1.381","1.381","1.376","0.01K","-0.36%"
"10/08/2020","1.395","1.395","1.410","1.395","0.01K","1.38%"
"10/09/2020","1.400","1.400","1.400","1.400","0.01K","0.36%"
"10/12/2020","1.400","1.400","1.400","1.400","0.00K","0.00%"
"10/13/2020","1.415","1.420","1.420","1.420","0.00K","1.07%"
"10/14/2020","1.430","1.430","1.430","1.430","0.00K","1.06%"
"10/15/2020","1.430","1.430","1.430","1.430","0.00K","0.00%"
"10/16/2020","1.440","1.440","1.440","1.440","0.00K","0.70%"
"10/19/2020","1.469","1.470","1.470","1.470","0.00K","2.01%"
"10/20/2020","1.469","1.469","1.469","1.469","0.00K","0.00%"
"10/21/2020","1.520","1.520","1.550","1.510","0.02K","3.47%"
"10/22/2020","1.520","1.520","1.520","1.520","","0.00%"
"10/23/2020","1.520","1.520","1.520","1.520","","0.00%"
"10/26/2020","1.567","1.560","1.570","1.540","0.01K","3.09%"
"10/27/2020","1.550","1.559","1.559","1.550","0.01K","-1.08%"
"10/28/2020","1.470","1.540","1.540","1.450","0.01K","-5.16%"
"10/29/2020","1.530","1.530","1.540","1.530","0.03K","4.08%"
"10/30/2020","1.520","1.520","1.520","1.520","","-0.65%"
"11/02/2020","1.520","1.520","1.520","1.520","","0.00%"
"11/03/2020","1.510","1.510","1.510","1.510","0.00K","-0.66%"
"11/04/2020","1.510","1.510","1.510","1.510","","0.00%"
"11/05/2020","1.400","1.435","1.435","1.400","0.03K","-7.28%"
"11/06/2020","1.360","1.360","1.360","1.350","0.02K","-2.86%"
"11/09/2020","1.400","1.400","1.400","1.400","0.00K","2.94%"
"11/10/2020","1.447","1.447","1.447","1.440","0.01K","3.36%"
"11/11/2020","1.420","1.420","1.420","1.420","0.01K","-1.87%"
"11/12/2020","1.450","1.430","1.480","1.430","0.00K","2.11%"
"11/13/2020","1.480","1.430","1.480","1.420","0.01K","2.07%"
"11/16/2020","1.440","1.440","1.440","1.440","0.00K","-2.70%"
"11/17/2020","1.420","1.420","1.420","1.420","","-1.39%"
"11/18/2020","1.420","1.420","1.420","1.420","","0.00%"
"11/19/2020","1.390","1.400","1.400","1.390","0.00K","-2.11%"
"11/20/2020","1.390","1.390","1.390","1.390","","0.00%"
"11/23/2020","1.410","1.410","1.410","1.410","0.01K","1.44%"
"11/24/2020","1.410","1.410","1.410","1.410","0.00K","0.00%"
"11/25/2020","1.370","1.380","1.400","1.310","0.02K","-2.84%"
"11/27/2020","1.400","1.040","1.400","1.040","0.01K","2.19%"
"11/30/2020","1.400","1.400","1.400","1.400","","0.00%"
"12/01/2020","1.400","1.400","1.400","1.400","","0.00%"
"12/02/2020","1.400","1.400","1.400","1.400","","0.00%"
"12/03/2020","1.400","1.400","1.400","1.400","","0.00%"
"12/04/2020","1.320","1.320","1.320","1.320","","-5.71%"
"12/07/2020","1.320","1.320","1.320","1.320","","0.00%"
"12/08/2020","1.320","1.320","1.320","1.320","","0.00%"
"12/09/2020","1.320","1.320","1.320","1.320","","0.00%"
"12/10/2020","1.320","1.320","1.320","1.320","","0.00%"
"12/11/2020","1.320","1.320","1.320","1.320","","0.00%"
"12/14/2020","1.310","1.310","1.310","1.310","","-0.76%"
"12/15/2020","1.310","1.310","1.310","1.310","","0.00%"
"12/16/2020","1.310","1.310","1.310","1.310","","0.00%"
"12/17/2020","1.320","1.320","1.320","1.320","","0.76%"
"12/18/2020","1.320","1.320","1.320","1.320","","0.00%"
"12/21/2020","1.325","1.325","1.325","1.325","","0.38%"
"12/22/2020","1.325","1.325","1.325","1.325","","0.00%"
"12/23/2020","1.325","1.325","1.325","1.325","0.00K","0.00%"
"12/24/2020","1.325","1.325","1.325","1.325","","0.00%"
"12/28/2020","1.400","1.400","1.400","1.400","0.00K","5.66%"
"12/29/2020","1.420","1.338","1.338","1.338","0.01K","1.43%"
"12/30/2020","1.433","1.433","1.433","1.433","","0.92%"
"12/31/2020","1.433","1.433","1.433","1.433","","0.00%"
"01/04/2021","1.485","1.485","1.485","1.485","","3.63%"
"01/05/2021","1.485","1.485","1.485","1.485","","0.00%"
"01/06/2021","1.485","1.485","1.485","1.485","","0.00%"
"01/07/2021","1.495","1.495","1.495","1.495","","0.67%"
"01/08/2021","1.520","1.520","1.520","1.520","","1.67%"
"01/11/2021","1.520","1.520","1.520","1.520","","0.00%"
"01/12/2021","1.520","1.520","1.520","1.520","","0.00%"
"01/13/2021","1.630","1.630","1.630","1.630","0.00K","7.24%"
"01/14/2021","1.630","1.630","1.630","1.630","","0.00%"
"01/15/2021","1.630","1.630","1.630","1.630","","0.00%"
"01/19/2021","1.630","1.630","1.630","1.630","","0.00%"
"01/20/2021","1.630","1.630","1.630","1.630","","0.00%"
"01/21/2021","1.600","1.600","1.600","1.600","0.00K","-1.84%"
"01/22/2021","1.600","1.600","1.600","1.600","","0.00%"
"01/25/2021","1.600","1.600","1.600","1.600","","0.00%"
"01/26/2021","1.530","1.530","1.530","1.530","0.01K","-4.38%"
"01/27/2021","1.530","1.530","1.530","1.530","","0.00%"
"01/28/2021","1.530","1.530","1.530","1.530","","0.00%"
"01/29/2021","1.640","1.640","1.640","1.640","","7.19%"
"02/01/2021","1.640","1.640","1.640","1.640","","0.00%"
"02/02/2021","1.640","1.640","1.640","1.640","","0.00%"
"02/03/2021","1.640","1.640","1.640","1.640","","0.00%"
"02/04/2021","1.710","1.710","1.710","1.710","","4.27%"
"02/05/2021","1.710","1.710","1.710","1.710","","0.00%"
"02/08/2021","1.710","1.710","1.710","1.710","","0.00%"
"02/09/2021","1.710","1.710","1.710","1.710","0.00K","0.00%"
"02/10/2021","1.690","1.690","1.690","1.690","0.00K","-1.17%"
"02/11/2021","1.690","1.690","1.690","1.690","","0.00%"
"02/12/2021","1.690","1.690","1.690","1.690","","0.00%"
"02/16/2021","1.690","1.690","1.690","1.690","","0.00%"
"02/17/2021","1.690","1.690","1.690","1.690","","0.00%"
"02/18/2021","1.690","1.690","1.690","1.690","","0.00%"
"02/19/2021","1.690","1.690","1.690","1.690","","0.00%"
"02/22/2021","1.690","1.690","1.690","1.690","","0.00%"
"02/23/2021","1.690","1.690","1.690","1.690","","0.00%"
"02/24/2021","1.690","1.690","1.690","1.690","0.00K","0.00%"
"02/25/2021","1.690","1.690","1.690","1.690","","0.00%"
"02/26/2021","1.690","1.690","1.690","1.690","","0.00%"
"03/01/2021","1.690","1.690","1.690","1.690","","0.00%"
"03/02/2021","1.775","1.750","1.775","1.750","0.01K","5.03%"
"03/03/2021","1.775","1.775","1.775","1.775","","0.00%"
"03/04/2021","1.760","1.760","1.760","1.760","","-0.85%"
"03/05/2021","1.760","1.760","1.760","1.760","","0.00%"
"03/08/2021","1.760","1.760","1.760","1.760","","0.00%"
"03/09/2021","1.790","1.790","1.790","1.790","","1.70%"
"03/10/2021","1.801","1.801","1.801","1.801","0.00K","0.61%"
"03/11/2021","1.801","1.801","1.801","1.801","","0.00%"
"03/12/2021","1.801","1.801","1.801","1.801","","0.00%"
"03/15/2021","1.801","1.801","1.801","1.801","","0.00%"
"03/16/2021","1.799","1.800","1.800","1.799","0.01K","-0.11%"
"03/17/2021","1.799","1.799","1.799","1.799","","0.00%"
"03/18/2021","1.799","1.799","1.799","1.799","","0.00%"
"03/19/2021","1.799","1.799","1.799","1.799","","0.00%"
"03/22/2021","1.799","1.799","1.799","1.799","","0.00%"
"03/23/2021","1.799","1.799","1.799","1.799","","0.00%"
"03/24/2021","1.800","1.800","1.800","1.800","","0.06%"
"03/25/2021","1.800","1.800","1.800","1.800","","0.00%"
"03/26/2021","1.885","1.860","1.885","1.860","0.01K","4.72%"
"03/29/2021","1.885","1.885","1.885","1.885","","0.00%"
"03/30/2021","1.885","1.885","1.885","1.885","","0.00%"
"03/31/2021","1.885","1.885","1.885","1.885","","0.00%"
"04/01/2021","1.910","1.910","1.910","1.909","0.01K","1.33%"
"04/02/2021","1.910","1.910","1.910","1.910","","0.00%"
"04/05/2021","1.910","1.910","1.910","1.910","","0.00%"
"04/06/2021","1.910","1.910","1.910","1.910","","0.00%"
"04/07/2021","1.851","1.851","1.851","1.851","","-3.09%"
"04/08/2021","1.905","1.905","1.905","1.905","0.00K","2.92%"
"04/09/2021","1.905","1.905","1.905","1.905","","0.00%"
"04/12/2021","1.905","1.905","1.905","1.905","","0.00%"
"04/13/2021","1.940","1.940","1.940","1.940","","1.84%"
"04/14/2021","2.000","2.000","2.000","2.000","","3.09%"
"04/15/2021","2.010","2.010","2.010","2.010","","0.50%"
"04/16/2021","2.010","2.010","2.010","2.010","","0.00%"
"04/19/2021","2.140","2.095","2.140","2.095","0.01K","6.47%"
"04/20/2021","2.160","2.160","2.160","2.160","","0.93%"
"04/21/2021","2.199","2.199","2.199","2.199","0.02K","1.81%"
"04/22/2021","2.199","2.199","2.199","2.199","","0.00%"
"04/23/2021","2.199","2.199","2.199","2.199","","0.00%"
"04/26/2021","2.199","2.199","2.199","2.199","0.00K","0.00%"
"04/27/2021","2.330","2.330","2.330","2.330","0.01K","5.96%"
"04/28/2021","2.330","2.330","2.330","2.330","","0.00%"
"04/29/2021","2.330","2.330","2.330","2.330","","0.00%"
"04/30/2021","2.330","2.330","2.330","2.330","","0.00%"
"05/03/2021","2.440","2.440","2.440","2.440","0.02K","4.72%"
"05/04/2021","2.440","2.440","2.440","2.440","","0.00%"
"05/05/2021","2.440","2.440","2.440","2.440","","0.00%"
"05/06/2021","2.340","2.340","2.340","2.340","","-4.10%"
"05/07/2021","2.340","2.340","2.340","2.340","","0.00%"
"05/10/2021","2.340","2.340","2.340","2.340","","0.00%"
"05/11/2021","2.340","2.340","2.340","2.340","","0.00%"
"05/12/2021","2.340","2.340","2.340","2.340","","0.00%"
"05/13/2021","2.340","2.340","2.340","2.340","0.00K","0.00%"
"05/14/2021","2.340","2.340","2.340","2.340","","0.00%"
"05/17/2021","2.340","2.340","2.340","2.340","","0.00%"
"05/18/2021","2.340","2.340","2.340","2.340","","0.00%"
"05/19/2021","2.350","2.350","2.350","2.350","","0.43%"
"05/20/2021","2.350","2.350","2.350","2.350","","0.00%"
"05/21/2021","2.350","2.350","2.350","2.350","","0.00%"
"05/24/2021","2.350","2.350","2.350","2.350","","0.00%"
"05/25/2021","2.350","2.350","2.350","2.350","","0.00%"
"05/26/2021","2.350","2.350","2.350","2.350","","0.00%"
"05/27/2021","2.350","2.350","2.350","2.350","","0.00%"
"05/28/2021","2.370","2.370","2.370","2.370","0.02K","0.85%"
"06/01/2021","2.480","2.480","2.480","2.480","0.00K","4.64%"
"06/02/2021","2.480","2.480","2.480","2.480","","0.00%"
"06/03/2021","2.480","2.480","2.480","2.480","","0.00%"
"06/04/2021","2.460","2.460","2.460","2.460","","-0.81%"
"06/07/2021","2.460","2.460","2.460","2.460","","0.00%"
"06/08/2021","2.460","2.460","2.460","2.460","","0.00%"
"06/09/2021","2.460","2.460","2.460","2.460","","0.00%"
"06/10/2021","2.460","2.460","2.460","2.460","","0.00%"
"06/11/2021","2.460","2.460","2.460","2.460","","0.00%"
"06/14/2021","2.460","2.460","2.460","2.460","","0.00%"
"06/15/2021","2.460","2.460","2.460","2.460","","0.00%"
"06/16/2021","2.460","2.460","2.460","2.460","","0.00%"
"06/17/2021","2.460","2.460","2.460","2.460","","0.00%"
"06/18/2021","2.460","2.460","2.460","2.460","","0.00%"
"06/21/2021","2.460","2.460","2.460","2.460","","0.00%"
"06/22/2021","2.480","2.480","2.480","2.480","","0.81%"
"06/23/2021","2.480","2.480","2.480","2.480","0.02K","0.00%"
"06/24/2021","2.480","2.480","2.480","2.480","","0.00%"
"06/25/2021","2.480","2.480","2.480","2.480","","0.00%"
"06/28/2021","2.480","2.480","2.480","2.480","","0.00%"
"06/29/2021","2.480","2.480","2.480","2.480","","0.00%"
"06/30/2021","2.480","2.480","2.480","2.480","","0.00%"
"07/01/2021","2.480","2.480","2.480","2.480","","0.00%"
"07/02/2021","2.480","2.480","2.480","2.480","","0.00%"
"07/06/2021","2.480","2.480","2.480","2.480","","0.00%"
"07/07/2021","2.350","2.350","2.350","2.350","","-5.24%"
"07/08/2021","2.320","2.320","2.320","2.320","","-1.28%"
"07/09/2021","2.320","2.320","2.320","2.320","","0.00%"
"07/12/2021","2.320","2.320","2.320","2.320","","0.00%"
"07/13/2021","2.320","2.320","2.320","2.320","","0.00%"
"07/14/2021","2.320","2.320","2.320","2.320","","0.00%"
"07/15/2021","2.320","2.320","2.320","2.320","","0.00%"
"07/16/2021","2.320","2.320","2.320","2.320","","0.00%"
"07/19/2021","2.320","2.320","2.320","2.320","","0.00%"
"07/20/2021","2.320","2.320","2.320","2.320","","0.00%"
"07/21/2021","2.320","2.320","2.320","2.320","","0.00%"
"07/22/2021","2.320","2.320","2.320","2.320","","0.00%"
"07/23/2021","2.320","2.320","2.320","2.320","","0.00%"
"07/26/2021","2.320","2.320","2.320","2.320","","0.00%"
"07/27/2021","2.320","2.320","2.320","2.320","","0.00%"
"07/28/2021","2.320","2.320","2.320","2.320","","0.00%"
"07/29/2021","2.220","2.220","2.220","2.220","0.00K","-4.31%"
"07/30/2021","2.220","2.220","2.220","2.220","","0.00%"
"08/02/2021","2.220","2.220","2.220","2.220","","0.00%"
"08/03/2021","2.220","2.220","2.220","2.220","","0.00%"
"08/04/2021","2.220","2.220","2.220","2.220","","0.00%"
"08/05/2021","2.220","2.220","2.220","2.220","","0.00%"
"08/06/2021","2.220","2.220","2.220","2.220","","0.00%"
"08/09/2021","2.220","2.220","2.220","2.220","","0.00%"
"08/10/2021","2.220","2.220","2.220","2.220","","0.00%"
"08/11/2021","2.220","2.220","2.220","2.220","","0.00%"
"08/12/2021","2.220","2.220","2.220","2.220","","0.00%"
"08/13/2021","2.220","2.220","2.220","2.220","","0.00%"
"08/16/2021","2.220","2.220","2.220","2.220","","0.00%"
"08/17/2021","2.220","2.220","2.220","2.220","","0.00%"
"08/18/2021","2.220","2.220","2.220","2.220","","0.00%"
"08/19/2021","2.220","2.220","2.220","2.220","","0.00%"
"08/20/2021","2.220","2.220","2.220","2.220","","0.00%"
"08/23/2021","2.220","2.220","2.220","2.220","","0.00%"
"08/24/2021","2.220","2.220","2.220","2.220","","0.00%"
"08/25/2021","2.220","2.220","2.220","2.220","","0.00%"
"08/26/2021","2.220","2.220","2.220","2.220","","0.00%"
"08/27/2021","2.220","2.220","2.220","2.220","","0.00%"
"08/30/2021","2.220","2.220","2.220","2.220","","0.00%"
"08/31/2021","2.220","2.220","2.220","2.220","","0.00%"
"09/01/2021","2.220","2.220","2.220","2.220","","0.00%"
"09/02/2021","2.220","2.220","2.220","2.220","","0.00%"
"09/03/2021","2.220","2.220","2.220","2.220","","0.00%"
"09/07/2021","2.207","2.207","2.207","2.207","","-0.59%"
"09/08/2021","2.207","2.207","2.207","2.207","","0.00%"
"09/09/2021","2.207","2.207","2.207","2.207","","0.00%"
"09/10/2021","2.207","2.207","2.207","2.207","","0.00%"
"09/13/2021","2.207","2.207","2.207","2.207","","0.00%"
"09/14/2021","2.207","2.207","2.207","2.207","","0.00%"
"09/15/2021","2.207","2.207","2.207","2.207","","0.00%"
"09/16/2021","2.207","2.207","2.207","2.207","","0.00%"
"09/17/2021","2.207","2.207","2.207","2.207","","0.00%"
"09/20/2021","2.207","2.207","2.207","2.207","","0.00%"
"09/21/2021","2.207","2.207","2.207","2.207","","0.00%"
"09/22/2021","2.207","2.207","2.207","2.207","","0.00%"
"09/23/2021","2.207","2.207","2.207","2.207","","0.00%"
"09/24/2021","2.207","2.207","2.207","2.207","","0.00%"
"09/27/2021","2.207","2.207","2.207","2.207","","0.00%"
"09/28/2021","2.207","2.207","2.207","2.207","","0.00%"
"09/29/2021","2.207","2.207","2.207","2.207","","0.00%"
"09/30/2021","2.207","2.207","2.207","2.207","","0.00%"
"10/01/2021","2.207","2.207","2.207","2.207","","0.00%"
"10/04/2021","2.207","2.207","2.207","2.207","","0.00%"
"10/05/2021","2.207","2.207","2.207","2.207","","0.00%"
"10/06/2021","2.207","2.207","2.207","2.207","","0.00%"
"10/07/2021","2.207","2.207","2.207","2.207","","0.00%"
"10/08/2021","2.207","2.207","2.207","2.207","","0.00%"
"10/11/2021","2.207","2.207","2.207","2.207","","0.00%"
"10/12/2021","2.207","2.207","2.207","2.207","","0.00%"
"10/13/2021","2.207","2.207","2.207","2.207","","0.00%"
"10/14/2021","2.207","2.207","2.207","2.207","","0.00%"
"10/15/2021","2.207","2.207","2.207","2.207","","0.00%"
"10/18/2021","2.207","2.207","2.207","2.207","","0.00%"
"10/19/2021","2.207","2.207","2.207","2.207","","0.00%"
"10/20/2021","2.207","2.207","2.207","2.207","","0.00%"
"10/21/2021","2.207","2.207","2.207","2.207","","0.00%"
"10/22/2021","2.207","2.207","2.207","2.207","","0.00%"
"10/25/2021","2.207","2.207","2.207","2.207","","0.00%"
"10/26/2021","2.207","2.207","2.207","2.207","","0.00%"
"10/27/2021","2.207","2.207","2.207","2.207","","0.00%"
"10/28/2021","2.207","2.207","2.207","2.207","","0.00%"
"10/29/2021","2.207","2.207","2.207","2.207","","0.00%"
"11/01/2021","2.207","2.207","2.207","2.207","","0.00%"
"11/02/2021","2.207","2.207","2.207","2.207","","0.00%"
"11/03/2021","2.207","2.207","2.207","2.207","","0.00%"
"11/04/2021","2.207","2.207","2.207","2.207","","0.00%"
"11/05/2021","2.207","2.207","2.207","2.207","","0.00%"
"11/08/2021","2.207","2.207","2.207","2.207","","0.00%"
"11/09/2021","2.207","2.207","2.207","2.207","","0.00%"
"11/10/2021","2.207","2.207","2.207","2.207","","0.00%"
"11/11/2021","2.207","2.207","2.207","2.207","","0.00%"
"11/12/2021","2.207","2.207","2.207","2.207","","0.00%"
"11/15/2021","2.207","2.207","2.207","2.207","","0.00%"
"11/16/2021","2.207","2.207","2.207","2.207","","0.00%"
"11/17/2021","2.207","2.207","2.207","2.207","","0.00%"
"11/18/2021","2.207","2.207","2.207","2.207","","0.00%"
"11/19/2021","2.207","2.207","2.207","2.207","","0.00%"
"11/22/2021","2.207","2.207","2.207","2.207","","0.00%"
"11/23/2021","2.207","2.207","2.207","2.207","","0.00%"
"11/24/2021","2.207","2.207","2.207","2.207","","0.00%"
"11/26/2021","2.207","2.207","2.207","2.207","","0.00%"
"11/29/2021","2.207","2.207","2.207","2.207","","0.00%"
"11/30/2021","2.207","2.207","2.207","2.207","","0.00%"
"12/01/2021","2.207","2.207","2.207","2.207","","0.00%"
"12/02/2021","2.207","2.207","2.207","2.207","","0.00%"
"12/03/2021","2.207","2.207","2.207","2.207","","0.00%"
"12/06/2021","2.137","2.137","2.137","2.137","","-3.17%"
"12/07/2021","2.137","2.137","2.137","2.137","","0.00%"
"12/08/2021","2.137","2.137","2.137","2.137","","0.00%"
"12/09/2021","2.137","2.137","2.137","2.137","","0.00%"
"12/10/2021","2.137","2.137","2.137","2.137","","0.00%"
"12/13/2021","2.137","2.137","2.137","2.137","","0.00%"
"12/14/2021","2.137","2.137","2.137","2.137","","0.00%"
"12/15/2021","2.137","2.137","2.137","2.137","","0.00%"
"12/16/2021","2.137","2.137","2.137","2.137","","0.00%"
"12/17/2021","2.137","2.137","2.137","2.137","","0.00%"
"12/20/2021","2.137","2.137","2.137","2.137","","0.00%"
"12/21/2021","2.137","2.137","2.137","2.137","","0.00%"
"12/22/2021","2.137","2.137","2.137","2.137","","0.00%"
"12/23/2021","2.137","2.137","2.137","2.137","","0.00%"
"12/27/2021","2.137","2.137","2.137","2.137","","0.00%"
"12/28/2021","2.137","2.137","2.137","2.137","","0.00%"
"12/29/2021","2.137","2.137","2.137","2.137","","0.00%"
"12/30/2021","2.137","2.137","2.137","2.137","","0.00%"
"12/31/2021","2.137","2.137","2.137","2.137","","0.00%"
"01/03/2022","2.137","2.137","2.137","2.137","","0.00%"
"01/04/2022","2.137","2.137","2.137","2.137","","0.00%"
"01/05/2022","2.137","2.137","2.137","2.137","","0.00%"
"01/06/2022","2.160","2.160","2.160","2.160","","1.08%"
"01/07/2022","2.160","2.160","2.160","2.160","","0.00%"
"01/10/2022","2.160","2.160","2.160","2.160","","0.00%"
"01/11/2022","2.160","2.160","2.160","2.160","","0.00%"
"01/12/2022","2.160","2.160","2.160","2.160","","0.00%"
"01/13/2022","2.160","2.160","2.160","2.160","","0.00%"
"01/14/2022","2.160","2.160","2.160","2.160","","0.00%"
"01/18/2022","2.160","2.160","2.160","2.160","","0.00%"
"01/19/2022","2.160","2.160","2.160","2.160","","0.00%"
"01/20/2022","2.160","2.160","2.160","2.160","","0.00%"
"01/21/2022","2.160","2.160","2.160","2.160","","0.00%"
"01/24/2022","2.160","2.160","2.160","2.160","","0.00%"
"01/25/2022","2.160","2.160","2.160","2.160","","0.00%"
"01/26/2022","2.160","2.160","2.160","2.160","","0.00%"
"01/27/2022","2.160","2.160","2.160","2.160","","0.00%"
"01/28/2022","2.160","2.160","2.160","2.160","","0.00%"
"01/31/2022","2.160","2.160","2.160","2.160","","0.00%"
"02/01/2022","2.160","2.160","2.160","2.160","","0.00%"
"02/02/2022","2.160","2.160","2.160","2.160","","0.00%"
"02/03/2022","2.160","2.160","2.160","2.160","","0.00%"
"02/04/2022","2.160","2.160","2.160","2.160","","0.00%"
"02/07/2022","2.160","2.160","2.160","2.160","","0.00%"
"02/08/2022","2.160","2.160","2.160","2.160","","0.00%"
"02/09/2022","2.160","2.160","2.160","2.160","","0.00%"
"02/10/2022","2.160","2.160","2.160","2.160","","0.00%"
"02/11/2022","2.160","2.160","2.160","2.160","","0.00%"
"02/14/2022","2.160","2.160","2.160","2.160","","0.00%"
"02/15/2022","2.160","2.160","2.160","2.160","","0.00%"
"02/16/2022","2.160","2.160","2.160","2.160","","0.00%"
"02/17/2022","2.160","2.160","2.160","2.160","","0.00%"
"02/18/2022","2.160","2.160","2.160","2.160","","0.00%"
"02/22/2022","2.160","2.160","2.160","2.160","","0.00%"
"02/23/2022","2.160","2.160","2.160","2.160","","0.00%"
"02/24/2022","2.160","2.160","2.160","2.160","","0.00%"
"02/25/2022","2.160","2.160","2.160","2.160","","0.00%"
"02/28/2022","2.160","2.160","2.160","2.160","","0.00%"
"03/01/2022","2.160","2.160","2.160","2.160","","0.00%"
"03/02/2022","2.160","2.160","2.160","2.160","","0.00%"
"03/03/2022","2.160","2.160","2.160","2.160","","0.00%"
"03/04/2022","2.160","2.160","2.160","2.160","","0.00%"
"03/07/2022","2.160","2.160","2.160","2.160","","0.00%"
"03/08/2022","2.160","2.160","2.160","2.160","","0.00%"
"03/09/2022","2.160","2.160","2.160","2.160","","0.00%"
"03/10/2022","2.160","2.160","2.160","2.160","","0.00%"
"03/11/2022","2.160","2.160","2.160","2.160","","0.00%"
"03/14/2022","2.160","2.160","2.160","2.160","","0.00%"
"03/15/2022","2.160","2.160","2.160","2.160","","0.00%"
"03/16/2022","2.160","2.160","2.160","2.160","","0.00%"
"03/17/2022","2.160","2.160","2.160","2.160","","0.00%"
"03/18/2022","2.160","2.160","2.160","2.160","","0.00%"
"03/21/2022","2.160","2.160","2.160","2.160","","0.00%"
"03/22/2022","2.160","2.160","2.160","2.160","","0.00%"
"03/23/2022","2.160","2.160","2.160","2.160","","0.00%"
"03/24/2022","2.160","2.160","2.160","2.160","","0.00%"
"03/25/2022","2.160","2.160","2.160","2.160","","0.00%"
"03/28/2022","2.160","2.160","2.160","2.160","","0.00%"
"03/29/2022","2.160","2.160","2.160","2.160","","0.00%"
"03/30/2022","2.160","2.160","2.160","2.160","","0.00%"
"03/31/2022","2.160","2.160","2.160","2.160","","0.00%"
"04/01/2022","2.160","2.160","2.160","2.160","","0.00%"
"04/04/2022","2.160","2.160","2.160","2.160","","0.00%"
"04/05/2022","2.160","2.160","2.160","2.160","","0.00%"
"04/06/2022","2.160","2.160","2.160","2.160","","0.00%"
"04/07/2022","2.160","2.160","2.160","2.160","","0.00%"
"04/08/2022","2.160","2.160","2.160","2.160","","0.00%"
"04/11/2022","2.160","2.160","2.160","2.160","","0.00%"
"04/12/2022","2.160","2.160","2.160","2.160","","0.00%"
"04/13/2022","2.160","2.160","2.160","2.160","","0.00%"
"04/14/2022","2.160","2.160","2.160","2.160","","0.00%"
"04/18/2022","2.160","2.160","2.160","2.160","","0.00%"
"04/19/2022","2.160","2.160","2.160","2.160","","0.00%"
"04/20/2022","2.160","2.160","2.160","2.160","","0.00%"
"04/21/2022","2.160","2.160","2.160","2.160","","0.00%"
"04/22/2022","2.160","2.160","2.160","2.160","","0.00%"
"04/25/2022","2.160","2.160","2.160","2.160","","0.00%"
"04/26/2022","2.160","2.160","2.160","2.160","","0.00%"
"04/27/2022","2.160","2.160","2.160","2.160","","0.00%"
"04/28/2022","2.160","2.160","2.160","2.160","","0.00%"
"04/29/2022","2.160","2.160","2.160","2.160","","0.00%"
"05/02/2022","2.160","2.160","2.160","2.160","","0.00%"
"05/03/2022","2.160","2.160","2.160","2.160","","0.00%"
"05/04/2022","2.160","2.160","2.160","2.160","","0.00%"
"05/05/2022","2.160","2.160","2.160","2.160","","0.00%"
"05/06/2022","2.160","2.160","2.160","2.160","","0.00%"
"05/09/2022","2.160","2.160","2.160","2.160","","0.00%"
"05/10/2022","2.160","2.160","2.160","2.160","","0.00%"
"05/11/2022","2.160","2.160","2.160","2.160","","0.00%"
"05/12/2022","2.160","2.160","2.160","2.160","","0.00%"
"05/13/2022","2.160","2.160","2.160","2.160","","0.00%"
"05/16/2022","2.160","2.160","2.160","2.160","","0.00%"
"05/17/2022","2.160","2.160","2.160","2.160","","0.00%"
"05/18/2022","2.160","2.160","2.160","2.160","","0.00%"
"05/19/2022","2.160","2.160","2.160","2.160","","0.00%"
"05/20/2022","2.160","2.160","2.160","2.160","","0.00%"
"05/23/2022","2.160","2.160","2.160","2.160","","0.00%"
"05/24/2022","2.160","2.160","2.160","2.160","","0.00%"
"05/25/2022","2.160","2.160","2.160","2.160","","0.00%"
"05/26/2022","2.160","2.160","2.160","2.160","","0.00%"
"05/27/2022","2.160","2.160","2.160","2.160","","0.00%"
"05/31/2022","2.160","2.160","2.160","2.160","","0.00%"
"06/01/2022","2.160","2.160","2.160","2.160","","0.00%"
"06/02/2022","2.160","2.160","2.160","2.160","","0.00%"
"06/03/2022","2.160","2.160","2.160","2.160","","0.00%"
"06/06/2022","2.160","2.160","2.160","2.160","","0.00%"
"06/07/2022","2.160","2.160","2.160","2.160","","0.00%"
"06/08/2022","2.160","2.160","2.160","2.160","","0.00%"
"06/09/2022","2.160","2.160","2.160","2.160","","0.00%"
"06/10/2022","2.160","2.160","2.160","2.160","","0.00%"
"06/13/2022","2.160","2.160","2.160","2.160","","0.00%"
"06/14/2022","2.160","2.160","2.160","2.160","","0.00%"
"06/15/2022","2.160","2.160","2.160","2.160","","0.00%"
"06/16/2022","2.160","2.160","2.160","2.160","","0.00%"
"06/17/2022","2.160","2.160","2.160","2.160","","0.00%"
"06/21/2022","2.160","2.160","2.160","2.160","","0.00%"
"06/22/2022","2.160","2.160","2.160","2.160","","0.00%"
"06/23/2022","2.160","2.160","2.160","2.160","","0.00%"
"06/24/2022","2.160","2.160","2.160","2.160","","0.00%"
"06/27/2022","2.160","2.160","2.160","2.160","","0.00%"
"06/28/2022","2.160","2.160","2.160","2.160","","0.00%"
"06/29/2022","2.160","2.160","2.160","2.160","","0.00%"
"06/30/2022","2.160","2.160","2.160","2.160","","0.00%"
"07/01/2022","2.160","2.160","2.160","2.160","","0.00%"
"07/05/2022","2.160","2.160","2.160","2.160","","0.00%"
"07/06/2022","2.160","2.160","2.160","2.160","","0.00%"
"07/07/2022","2.160","2.160","2.160","2.160","","0.00%"
"07/08/2022","2.160","2.160","2.160","2.160","","0.00%"
"07/11/2022","2.160","2.160","2.160","2.160","","0.00%"
"07/12/2022","2.160","2.160","2.160","2.160","","0.00%"
"07/13/2022","2.160","2.160","2.160","2.160","","0.00%"
"07/14/2022","2.160","2.160","2.160","2.160","","0.00%"
"07/15/2022","2.160","2.160","2.160","2.160","","0.00%"
"07/18/2022","2.160","2.160","2.160","2.160","","0.00%"
"07/19/2022","2.160","2.160","2.160","2.160","","0.00%"
"07/20/2022","2.160","2.160","2.160","2.160","","0.00%"
"07/21/2022","2.160","2.160","2.160","2.160","","0.00%"
"07/22/2022","2.160","2.160","2.160","2.160","","0.00%"
"07/25/2022","2.160","2.160","2.160","2.160","","0.00%"
"07/26/2022","2.160","2.160","2.160","2.160","","0.00%"
"07/27/2022","2.160","2.160","2.160","2.160","","0.00%"
"07/28/2022","2.160","2.160","2.160","2.160","","0.00%"
"07/29/2022","2.160","2.160","2.160","2.160","","0.00%"
"08/01/2022","2.160","2.160","2.160","2.160","","0.00%"
"08/02/2022","2.160","2.160","2.160","2.160","","0.00%"
"08/03/2022","2.160","2.160","2.160","2.160","","0.00%"
"08/04/2022","2.161","2.161","2.161","2.161","","0.05%"
"08/05/2022","2.161","2.161","2.161","2.161","","0.00%"
"08/08/2022","2.161","2.161","2.161","2.161","","0.00%"
"08/09/2022","2.161","2.161","2.161","2.161","","0.00%"
"08/10/2022","2.161","2.161","2.161","2.161","","0.00%"
"08/11/2022","2.161","2.161","2.161","2.161","","0.00%"
"08/12/2022","2.161","2.161","2.161","2.161","","0.00%"
"08/15/2022","2.161","2.161","2.161","2.161","","0.00%"
"08/16/2022","2.161","2.161","2.161","2.161","","0.00%"
"08/17/2022","2.161","2.161","2.161","2.161","","0.00%"
"08/18/2022","2.161","2.161","2.161","2.161","","0.00%"
"08/19/2022","2.161","2.161","2.161","2.161","","0.00%"
"08/22/2022","2.161","2.161","2.161","2.161","","0.00%"
"08/23/2022","2.161","2.161","2.161","2.161","","0.00%"
"08/24/2022","2.161","2.161","2.161","2.161","","0.00%"
"08/25/2022","2.161","2.161","2.161","2.161","","0.00%"
"08/26/2022","2.161","2.161","2.161","2.161","","0.00%"
"08/29/2022","2.161","2.161","2.161","2.161","","0.00%"
"08/30/2022","2.161","2.161","2.161","2.161","","0.00%"
"08/31/2022","2.161","2.161","2.161","2.161","","0.00%"
"09/01/2022","2.161","2.161","2.161","2.161","","0.00%"
"09/02/2022","2.161","2.161","2.161","2.161","","0.00%"
"09/06/2022","2.161","2.161","2.161","2.161","","0.00%"
"09/07/2022","2.161","2.161","2.161","2.161","","0.00%"
"09/08/2022","2.161","2.161","2.161","2.161","","0.00%"
"09/09/2022","2.161","2.161","2.161","2.161","","0.00%"
"09/12/2022","2.161","2.161","2.161","2.161","","0.00%"
"09/13/2022","2.161","2.161","2.161","2.161","","0.00%"
"09/14/2022","2.161","2.161","2.161","2.161","","0.00%"
"09/15/2022","2.161","2.161","2.161","2.161","","0.00%"
"09/16/2022","2.161","2.161","2.161","2.161","","0.00%"
"09/19/2022","2.161","2.161","2.161","2.161","","0.00%"
"09/20/2022","2.161","2.161","2.161","2.161","","0.00%"
"09/21/2022","2.161","2.161","2.161","2.161","","0.00%"
"09/22/2022","2.161","2.161","2.161","2.161","","0.00%"
"09/23/2022","2.161","2.161","2.161","2.161","","0.00%"
"09/26/2022","2.161","2.161","2.161","2.161","","0.00%"
"09/27/2022","2.161","2.161","2.161","2.161","","0.00%"
"09/28/2022","2.161","2.161","2.161","2.161","","0.00%"
"09/29/2022","2.161","2.161","2.161","2.161","","0.00%"
"09/30/2022","2.161","2.161","2.161","2.161","","0.00%"
"10/03/2022","2.161","2.161","2.161","2.161","","0.00%"
"10/04/2022","2.161","2.161","2.161","2.161","","0.00%"
"10/05/2022","2.161","2.161","2.161","2.161","","0.00%"
"10/06/2022","2.161","2.161","2.161","2.161","","0.00%"
"10/07/2022","2.161","2.161","2.161","2.161","","0.00%"
"10/10/2022","2.161","2.161","2.161","2.161","","0.00%"
"10/11/2022","2.161","2.161","2.161","2.161","","0.00%"
"10/12/2022","2.161","2.161","2.161","2.161","","0.00%"
"10/13/2022","2.161","2.161","2.161","2.161","","0.00%"
"10/14/2022","2.161","2.161","2.161","2.161","","0.00%"
"10/17/2022","2.161","2.161","2.161","2.161","","0.00%"
"10/18/2022","2.161","2.161","2.161","2.161","","0.00%"
"10/19/2022","2.161","2.161","2.161","2.161","","0.00%"
"10/20/2022","2.161","2.161","2.161","2.161","","0.00%"
"10/21/2022","2.161","2.161","2.161","2.161","","0.00%"
"10/24/2022","2.161","2.161","2.161","2.161","","0.00%"
"10/25/2022","2.161","2.161","2.161","2.161","","0.00%"
"10/26/2022","2.161","2.161","2.161","2.161","","0.00%"
"10/27/2022","2.161","2.161","2.161","2.161","","0.00%"
"10/28/2022","2.161","2.161","2.161","2.161","","0.00%"
"10/31/2022","2.161","2.161","2.161","2.161","","0.00%"
"11/01/2022","2.161","2.161","2.161","2.161","","0.00%"
"11/02/2022","2.161","2.161","2.161","2.161","","0.00%"
"11/03/2022","2.161","2.161","2.161","2.161","","0.00%"
"11/04/2022","2.161","2.161","2.161","2.161","","0.00%"
"11/07/2022","2.161","2.161","2.161","2.161","","0.00%"
"11/08/2022","2.161","2.161","2.161","2.161","","0.00%"
"11/09/2022","2.161","2.161","2.161","2.161","","0.00%"
"11/10/2022","2.161","2.161","2.161","2.161","","0.00%"
"11/11/2022","2.161","2.161","2.161","2.161","","0.00%"
"11/14/2022","2.161","2.161","2.161","2.161","","0.00%"
"11/15/2022","2.161","2.161","2.161","2.161","","0.00%"
"11/16/2022","2.161","2.161","2.161","2.161","","0.00%"
"11/17/2022","2.161","2.161","2.161","2.161","","0.00%"
"11/18/2022","2.161","2.161","2.161","2.161","","0.00%"
"11/21/2022","2.161","2.161","2.161","2.161","","0.00%"
"11/22/2022","2.161","2.161","2.161","2.161","","0.00%"
"11/23/2022","2.161","2.161","2.161","2.161","","0.00%"
"11/25/2022","2.161","2.161","2.161","2.161","","0.00%"
"11/28/2022","2.161","2.161","2.161","2.161","","0.00%"
"11/29/2022","2.161","2.161","2.161","2.161","","0.00%"
"11/30/2022","2.161","2.161","2.161","2.161","","0.00%"
"12/01/2022","2.161","2.161","2.161","2.161","","0.00%"
"12/02/2022","2.161","2.161","2.161","2.161","","0.00%"
"12/05/2022","2.161","2.161","2.161","2.161","","0.00%"
"12/06/2022","2.161","2.161","2.161","2.161","","0.00%"
"12/07/2022","2.161","2.161","2.161","2.161","","0.00%"
"12/08/2022","2.161","2.161","2.161","2.161","","0.00%"
"12/09/2022","2.161","2.161","2.161","2.161","","0.00%"
"12/12/2022","2.161","2.161","2.161","2.161","","0.00%"
"12/13/2022","2.161","2.161","2.161","2.161","","0.00%"
"12/14/2022","2.161","2.161","2.161","2.161","","0.00%"
"12/15/2022","2.161","2.161","2.161","2.161","","0.00%"
"12/16/2022","2.161","2.161","2.161","2.161","","0.00%"
"12/19/2022","2.161","2.161","2.161","2.161","","0.00%"
"12/20/2022","2.161","2.161","2.161","2.161","","0.00%"
"12/21/2022","2.161","2.161","2.161","2.161","","0.00%"
"12/22/2022","2.161","2.161","2.161","2.161","","0.00%"
"12/23/2022","2.161","2.161","2.161","2.161","","0.00%"
"12/27/2022","2.161","2.161","2.161","2.161","","0.00%"
"12/28/2022","2.161","2.161","2.161","2.161","","0.00%"
"12/29/2022","2.161","2.161","2.161","2.161","","0.00%"
"12/30/2022","2.161","2.161","2.161","2.161","","0.00%"
"01/03/2023","2.161","2.161","2.161","2.161","","0.00%"
"01/04/2023","2.161","2.161","2.161","2.161","","0.00%"
"01/05/2023","2.161","2.161","2.161","2.161","","0.00%"
"01/06/2023","2.161","2.161","2.161","2.161","","0.00%"
"01/09/2023","2.161","2.161","2.161","2.161","","0.00%"
"01/10/2023","2.161","2.161","2.161","2.161","","0.00%"
"01/11/2023","2.161","2.161","2.161","2.161","","0.00%"
"01/12/2023","2.161","2.161","2.161","2.161","","0.00%"
"01/13/2023","2.161","2.161","2.161","2.161","","0.00%"
"01/17/2023","2.161","2.161","2.161","2.161","","0.00%"
"01/18/2023","2.161","2.161","2.161","2.161","","0.00%"
"01/19/2023","2.161","2.161","2.161","2.161","","0.00%"
"01/20/2023","2.161","2.161","2.161","2.161","","0.00%"
"01/23/2023","2.161","2.161","2.161","2.161","","0.00%"
"01/24/2023","2.161","2.161","2.161","2.161","","0.00%"
"01/25/2023","2.161","2.161","2.161","2.161","","0.00%"
"01/26/2023","2.161","2.161","2.161","2.161","","0.00%"
"01/27/2023","2.161","2.161","2.161","2.161","","0.00%"
"01/30/2023","2.161","2.161","2.161","2.161","","0.00%"
"01/31/2023","2.161","2.161","2.161","2.161","","0.00%"
"02/01/2023","2.161","2.161","2.161","2.161","","0.00%"
"02/02/2023","2.161","2.161","2.161","2.161","","0.00%"
"02/03/2023","2.161","2.161","2.161","2.161","","0.00%"
"02/06/2023","2.161","2.161","2.161","2.161","","0.00%"
"02/07/2023","2.161","2.161","2.161","2.161","","0.00%"
"02/08/2023","2.161","2.161","2.161","2.161","","0.00%"
"02/09/2023","2.161","2.161","2.161","2.161","","0.00%"
"02/10/2023","2.161","2.161","2.161","2.161","","0.00%"
"02/13/2023","2.161","2.161","2.161","2.161","","0.00%"
"02/14/2023","2.161","2.161","2.161","2.161","","0.00%"
"02/15/2023","2.161","2.161","2.161","2.161","","0.00%"
"02/16/2023","2.161","2.161","2.161","2.161","","0.00%"
"02/17/2023","2.161","2.161","2.161","2.161","","0.00%"
"02/21/2023","2.161","2.161","2.161","2.161","","0.00%"
"02/22/2023","2.161","2.161","2.161","2.161","","0.00%"
"02/23/2023","2.161","2.161","2.161","2.161","","0.00%"
"02/24/2023","2.161","2.161","2.161","2.161","","0.00%"
"02/27/2023","2.161","2.161","2.161","2.161","","0.00%"
"02/28/2023","2.161","2.161","2.161","2.161","","0.00%"
"03/01/2023","2.161","2.161","2.161","2.161","","0.00%"
"03/02/2023","2.161","2.161","2.161","2.161","","0.00%"
"03/03/2023","2.161","2.161","2.161","2.161","","0.00%"
"03/06/2023","2.161","2.161","2.161","2.161","","0.00%"
"03/07/2023","2.161","2.161","2.161","2.161","","0.00%"
"03/08/2023","2.161","2.161","2.161","2.161","","0.00%"
"03/09/2023","2.161","2.161","2.161","2.161","","0.00%"
"03/10/2023","2.161","2.161","2.161","2.161","","0.00%"
"03/13/2023","2.161","2.161","2.161","2.161","","0.00%"
"03/14/2023","2.161","2.161","2.161","2.161","","0.00%"
"03/15/2023","2.161","2.161","2.161","2.161","","0.00%"
"03/16/2023","2.161","2.161","2.161","2.161","","0.00%"
"03/17/2023","2.161","2.161","2.161","2.161","","0.00%"
"03/20/2023","2.161","2.161","2.161","2.161","","0.00%"
"03/21/2023","2.161","2.161","2.161","2.161","","0.00%"
"03/22/2023","2.161","2.161","2.161","2.161","","0.00%"
"03/23/2023","2.161","2.161","2.161","2.161","","0.00%"
"03/24/2023","2.161","2.161","2.161","2.161","","0.00%"
"03/27/2023","2.161","2.161","2.161","2.161","","0.00%"
"03/28/2023","2.161","2.161","2.161","2.161","","0.00%"
"03/29/2023","2.161","2.161","2.161","2.161","","0.00%"
"03/30/2023","2.161","2.161","2.161","2.161","","0.00%"
"03/31/2023","2.161","2.161","2.161","2.161","","0.00%"
"04/03/2023","2.161","2.161","2.161","2.161","","0.00%"
"04/04/2023","2.161","2.161","2.161","2.161","","0.00%"
"04/05/2023","2.161","2.161","2.161","2.161","","0.00%"
"04/06/2023","2.161","2.161","2.161","2.161","","0.00%"
"04/07/2023","2.161","2.161","2.161","2.161","","0.00%"
"04/10/2023","2.161","2.161","2.161","2.161","","0.00%"
"04/11/2023","2.161","2.161","2.161","2.161","","0.00%"
"04/12/2023","2.161","2.161","2.161","2.161","","0.00%"
"04/13/2023","2.161","2.161","2.161","2.161","","0.00%"
"04/14/2023","2.161","2.161","2.161","2.161","","0.00%"
"04/17/2023","2.161","2.161","2.161","2.161","","0.00%"
"04/18/2023","2.161","2.161","2.161","2.161","","0.00%"
"04/19/2023","2.161","2.161","2.161","2.161","","0.00%"
"04/20/2023","2.161","2.161","2.161","2.161","","0.00%"
"04/21/2023","2.161","2.161","2.161","2.161","","0.00%"
"04/24/2023","2.161","2.161","2.161","2.161","","0.00%"
"04/25/2023","2.161","2.161","2.161","2.161","","0.00%"
"04/26/2023","2.161","2.161","2.161","2.161","","0.00%"
"04/27/2023","2.161","2.161","2.161","2.161","","0.00%"
"04/28/2023","2.161","2.161","2.161","2.161","","0.00%"
"05/01/2023","2.161","2.161","2.161","2.161","","0.00%"
"05/02/2023","2.161","2.161","2.161","2.161","","0.00%"
"05/03/2023","2.161","2.161","2.161","2.161","","0.00%"
"05/04/2023","2.161","2.161","2.161","2.161","","0.00%"
"05/05/2023","2.161","2.161","2.161","2.161","","0.00%"
"05/08/2023","2.161","2.161","2.161","2.161","","0.00%"
"05/09/2023","2.161","2.161","2.161","2.161","","0.00%"
"05/10/2023","2.161","2.161","2.161","2.161","","0.00%"
"05/11/2023","2.161","2.161","2.161","2.161","","0.00%"
"05/12/2023","2.161","2.161","2.161","2.161","","0.00%"
"05/15/2023","2.161","2.161","2.161","2.161","","0.00%"
"05/16/2023","2.161","2.161","2.161","2.161","","0.00%"
"05/17/2023","2.161","2.161","2.161","2.161","","0.00%"
"05/18/2023","2.161","2.161","2.161","2.161","","0.00%"
"05/19/2023","2.161","2.161","2.161","2.161","","0.00%"
"05/22/2023","2.161","2.161","2.161","2.161","","0.00%"
"05/23/2023","2.161","2.161","2.161","2.161","","0.00%"
"05/24/2023","2.161","2.161","2.161","2.161","","0.00%"
"05/25/2023","2.161","2.161","2.161","2.161","","0.00%"
"05/26/2023","2.161","2.161","2.161","2.161","","0.00%"
"05/30/2023","2.161","2.161","2.161","2.161","","0.00%"
"05/31/2023","2.161","2.161","2.161","2.161","","0.00%"
"06/01/2023","2.161","2.161","2.161","2.161","","0.00%"
"06/02/2023","2.161","2.161","2.161","2.161","","0.00%"
"06/05/2023","2.161","2.161","2.161","2.161","","0.00%"
"06/06/2023","2.161","2.161","2.161","2.161","","0.00%"
"06/07/2023","2.161","2.161","2.161","2.161","","0.00%"
"06/08/2023","2.161","2.161","2.161","2.161","","0.00%"
"06/09/2023","2.161","2.161","2.161","2.161","","0.00%"
"06/12/2023","2.161","2.161","2.161","2.161","","0.00%"
"06/13/2023","2.161","2.161","2.161","2.161","","0.00%"
"06/14/2023","2.161","2.161","2.161","2.161","","0.00%"
"06/15/2023","2.161","2.161","2.161","2.161","","0.00%"
"06/16/2023","2.161","2.161","2.161","2.161","","0.00%"
"06/20/2023","2.161","2.161","2.161","2.161","","0.00%"
"06/21/2023","2.161","2.161","2.161","2.161","","0.00%"
"06/22/2023","2.161","2.161","2.161","2.161","","0.00%"
"06/23/2023","2.161","2.161","2.161","2.161","","0.00%"
"06/26/2023","2.161","2.161","2.161","2.161","","0.00%"
"06/27/2023","2.161","2.161","2.161","2.161","","0.00%"
"06/28/2023","2.161","2.161","2.161","2.161","","0.00%"
"06/29/2023","2.161","2.161","2.161","2.161","","0.00%"